Kepler-227 b;CONFIRMED;10000;9488035840;226;7930;545500
Kepler-227 c;CONFIRMED;9690;54418382848;283;4430;545500
Kepler-664 b;CONFIRMED;10000;2525591808;275;14060;603100
Kepler-228 d;CONFIRMED;10000;11094320128;390;8350;604600
Kepler-228 c;CONFIRMED;10000;4134435072;277;11600;604600
Kepler-228 b;CONFIRMED;9920;2566588928;159;13600;604600
Kepler-229 c;CONFIRMED;10000;16068646912;576;6000;503100
Kepler-1 b;CONFIRMED;8110;2470613504;1304;13390;582000
Kepler-2 b;CONFIRMED;10000;2204735488;1610;20480;644000
Kepler-8 b;CONFIRMED;9980;3522498304;1459;15210;622500
Kepler-466 c;CONFIRMED;10000;3709214208;116;12060;583300
Kepler-660 b;CONFIRMED;10000;9273581568;247;6490;485600
Kepler-661 b;CONFIRMED;10000;6029303296;285;6780;453700
Kepler-226 c;CONFIRMED;10000;5349553664;255;9190;518500
Kepler-226 b;CONFIRMED;9800;3941052160;170;10180;518500
Kepler-226 d;CONFIRMED;9710;8109048320;130;8000;518500
Kepler-662 b;CONFIRMED;10000;21676992512;295;5300;495400
Kepler-663 b;CONFIRMED;10000;4996779520;278;9170;533900
Kepler-671 b;CONFIRMED;10000;4280963584;230;10120;564400
Kepler-672 b;CONFIRMED;10000;38377549824;282;5290;548100
Kepler-229 d;CONFIRMED;9920;41197256704;386;4390;503100
Kepler-229 b;CONFIRMED;10000;6252962304;265;8230;503100
Kepler-665 b;CONFIRMED;10000;16013084672;310;5930;501500
Kepler-230 b;CONFIRMED;10000;32628766720;336;5060;558600
Kepler-230 c;CONFIRMED;9780;91773288448;212;3590;558600
NULL;CANDIDATE;10000;4959319040;1221;11030;571200
Kepler-666 b;CONFIRMED;10000;4498765312;210;11330;607500
Kepler-105 b;CONFIRMED;10000;5412204032;294;10930;577900
Kepler-667 b;CONFIRMED;9980;41439588352;550;5160;546800
Kepler-668 b;CONFIRMED;10000;8353895424;252;7900;559200
Kepler-669 b;CONFIRMED;10000;4125543424;443;12430;617400
Kepler-670 b;CONFIRMED;10000;2816504832;1221;12190;553200
Kepler-680 b;CONFIRMED;10000;3689920000;189;11470;588000
Kepler-232 b;CONFIRMED;10000;4431238656;325;11040;571400
Kepler-232 c;CONFIRMED;10000;11379369984;395;8060;571400
Kepler-681 b;CONFIRMED;10000;26394329088;307;4890;512900
Kepler-106 c;CONFIRMED;10000;13570783232;264;7850;585400
Kepler-105 c;CONFIRMED;10000;7125943808;179;9970;577900
Kepler-52 c;CONFIRMED;10000;16384900096;200;4330;412600
Kepler-52 b;CONFIRMED;10000;7877416448;216;5530;412600
Kepler-52 d;CONFIRMED;10000;36445401088;199;3320;412600
Kepler-673 b;CONFIRMED;10000;3728732160;602;10230;549700
NULL;CANDIDATE;9990;40419504128;751;4670;544600
Kepler-674 b;CONFIRMED;10000;2243380480;199;8220;414900
Kepler-675 b;CONFIRMED;10000;2337437952;234;10700;500500
NULL;CANDIDATE;9930;7240660992;1945;7340;500500
NULL;CANDIDATE;8710;3435916288;55;12720;577900
Kepler-676 b;CONFIRMED;10000;11598222336;265;3960;368800
Kepler-677 b;CONFIRMED;10000;6575315968;531;10150;599200
Kepler-678 b;CONFIRMED;10000;7275040768;486;8330;548500
Kepler-231 c;CONFIRMED;10000;19271538688;193;3930;407700
Kepler-231 b;CONFIRMED;10000;10065243136;191;4880;407700
Kepler-679 b;CONFIRMED;10000;12393565184;266;6770;555700
Kepler-106 e;CONFIRMED;9980;43844399104;287;5310;585400
NULL;CANDIDATE;7730;1626630272;3243;15470;573500
Kepler-234 b;CONFIRMED;10000;2711504128;312;14200;621400
Kepler-234 c;CONFIRMED;10000;7212037632;332;10250;621400
Kepler-233 b;CONFIRMED;10000;8472378880;259;7510;535400
Kepler-233 c;CONFIRMED;9890;60418936832;236;3900;535400
Kepler-682 b;CONFIRMED;10000;12611904512;740;7530;579500
Kepler-683 b;CONFIRMED;10000;2539183104;206;13320;551900
Kepler-684 b;CONFIRMED;10000;6770300416;277;8120;565300
NULL;CANDIDATE;10000;10181583872;773;8120;598800
Kepler-235 d;CONFIRMED;10000;20060362752;196;3610;395000
Kepler-235 e;CONFIRMED;10000;46184202240;183;2730;395000
Kepler-106 d;CONFIRMED;9520;23980085248;131;6490;585400
Kepler-235 c;CONFIRMED;9940;7825021440;120;4940;395000
Kepler-688 b;CONFIRMED;10000;3895936512;734;10050;555700
Kepler-689 b;CONFIRMED;9990;22366464000;232;5360;539500
Kepler-685 b;CONFIRMED;10000;1625522176;973;15790;553900
NULL;CANDIDATE;10000;19620347904;1360;6430;571000
NULL;CANDIDATE;10000;9029307392;257;7570;534900
Kepler-30 d;CONFIRMED;10000;143206301696;890;3080;548500
Kepler-106 b;CONFIRMED;9500;6164875776;79;10210;585400
Kepler-30 c;CONFIRMED;7450;60324941824;1219;4110;548500
Kepler-686 b;CONFIRMED;10000;1594745344;1130;15390;593400
NULL;CANDIDATE;10000;4783002624;250;8860;517000
Kepler-687 b;CONFIRMED;10000;20505888768;341;5180;490500
Kepler-235 b;CONFIRMED;10000;3340218880;203;6560;395000
Kepler-53 b;CONFIRMED;10000;18649327616;312;7010;577500
Kepler-107 c;CONFIRMED;10000;4901449728;170;12620;584700
Kepler-53 d;CONFIRMED;9980;9751920640;276;8700;577500
Kepler-53 c;CONFIRMED;10000;38557655040;402;5500;577500
Kepler-428 b;CONFIRMED;9900;3525632512;1158;9750;515000
NULL;CANDIDATE;10000;34843987968;761;5110;550900
Kepler-690 b;CONFIRMED;10000;7748094464;552;9640;597300
Kepler-236 c;CONFIRMED;10000;23967936512;180;3290;374700
Kepler-691 b;CONFIRMED;10000;8114374656;210;4600;369200
Kepler-107 e;CONFIRMED;9920;14749148160;289;8740;584700
Kepler-692 b;CONFIRMED;10000;21812959232;338;6390;560100
Kepler-693 b;CONFIRMED;10000;15375624192;1101;6000;498600
Kepler-237 c;CONFIRMED;10000;8103632896;211;6870;486100
Kepler-237 b;CONFIRMED;10000;4715108352;146;8230;486100
Kepler-694 b;CONFIRMED;10000;6365839872;244;9140;577600
Kepler-695 b;CONFIRMED;10000;3040330496;899;10210;503500
Kepler-27 b;CONFIRMED;10000;15335286784;500;6100;525100
Kepler-107 d;CONFIRMED;9980;7958253056;106;10740;584700
Kepler-27 c;CONFIRMED;10000;31330461696;650;4810;525100
Kepler-238 e;CONFIRMED;9990;23653693440;789;7310;573900
Kepler-238 d;CONFIRMED;9960;13233521664;306;8880;573900
Kepler-238 c;CONFIRMED;9970;6155602944;232;11460;573900
Kepler-238 b;CONFIRMED;10000;2090811264;162;16420;573900
Kepler-107 b;CONFIRMED;9950;3180027904;153;14580;584700
Kepler-238 f;CONFIRMED;9890;50446741504;267;5680;573900
Kepler-239 b;CONFIRMED;10000;11763072000;235;6160;495900
Kepler-239 c;CONFIRMED;8780;56227926016;237;3660;495900
Kepler-240 c;CONFIRMED;10000;7953546752;225;6960;476800
Kepler-240 b;CONFIRMED;10000;4144516608;148;8640;476800
Kepler-702 b;CONFIRMED;9990;10526295040;824;7130;538600
Kepler-703 b;CONFIRMED;10000;4583520768;539;10380;581500
Kepler-704 b;CONFIRMED;8760;3761818368;266;11210;565300
Kepler-242 b;CONFIRMED;10000;8203969536;301;7420;501500
Kepler-242 c;CONFIRMED;10000;14496451584;301;6130;501500
NULL;CANDIDATE;10000;6546261504;219;8100;525100
Kepler-241 b;CONFIRMED;10000;12718098432;231;5620;470200
Kepler-241 c;CONFIRMED;9990;36065882112;264;3970;470200
Kepler-696 b;CONFIRMED;10000;4190425600;621;12340;607300
Kepler-697 b;CONFIRMED;10000;3709870848;435;11510;572700
Kepler-698 b;CONFIRMED;10000;16329752576;375;7270;587800
Kepler-699 b;CONFIRMED;9850;27807565824;1384;5540;586200
Kepler-700 b;CONFIRMED;9420;80872349696;759;4520;551000
Kepler-467 b;CONFIRMED;9120;24993243136;229;7120;571800
Kepler-701 b;CONFIRMED;10000;10355331072;247;7770;550100
Kepler-709 b;CONFIRMED;10000;16085189632;368;6130;523900
NULL;CANDIDATE;9980;235998642176;1059;1880;424500
Kepler-245 b;CONFIRMED;10000;7490183168;256;7530;510300
Kepler-245 d;CONFIRMED;10000;36276125696;303;4450;510300
Kepler-245 c;CONFIRMED;10000;17460879360;232;5680;510300
Kepler-705 b;CONFIRMED;9960;56056074240;194;2330;359300
Kepler-706 b;CONFIRMED;9740;41408315392;1138;4530;552200
NULL;CANDIDATE;9940;39748931584;1421;5520;612200
Kepler-243 b;CONFIRMED;10000;5715425792;247;8500;523700
Kepler-108 b;CONFIRMED;9590;49183940608;820;6690;562600
Kepler-243 c;CONFIRMED;9940;20026140672;228;5590;523700
Kepler-707 b;CONFIRMED;10000;2237489664;141;11600;526500
Kepler-708 b;CONFIRMED;10000;3167893504;262;12210;589500
Kepler-244 b;CONFIRMED;10000;4311780352;311;10380;552700
Kepler-244 d;CONFIRMED;10000;20050448384;269;6220;552700
Kepler-244 c;CONFIRMED;10000;9767345152;267;7910;552700
NULL;CANDIDATE;10000;119020707840;898;3660;545300
Kepler-108 c;CONFIRMED;9870;190320050176;778;4260;562600
Kepler-82 b;CONFIRMED;10000;26444392448;391;5620;542700
Kepler-82 c;CONFIRMED;9830;51539980288;551;4500;542700
Kepler-82 e;CONFIRMED;10000;5902245888;243;9260;542700
Kepler-82 d;CONFIRMED;10000;2382951680;186;12530;542700
Kepler-712 b;CONFIRMED;10000;21022507008;307;5210;506700
Kepler-245 e;CONFIRMED;10000;3219814656;169;9980;510300
Kepler-28 b;CONFIRMED;10000;5912273408;173;5850;407200
Kepler-28 c;CONFIRMED;10000;8985819136;165;5090;407200
NULL;CANDIDATE;5730;20545236992;241;7420;567000
Kepler-46 b;CONFIRMED;10000;33601232896;846;4950;514900
Kepler-46 d;CONFIRMED;10000;6766529536;197;8450;514900
Kepler-710 b;CONFIRMED;10000;4347288576;236;11740;575400
Kepler-246 b;CONFIRMED;10000;4601811968;235;8960;498600
Kepler-246 c;CONFIRMED;9970;11187198976;155;6670;498600
NULL;CANDIDATE;10000;4220965888;262;5950;383700
Kepler-81 b;CONFIRMED;10000;5954899968;233;6350;426100
Kepler-81 c;CONFIRMED;10000;12039874560;218;5020;426100
Kepler-81 d;CONFIRMED;9980;20837629952;142;4180;426100
Kepler-711 b;CONFIRMED;10000;23589171200;316;4870;491900
Kepler-109 b;CONFIRMED;10000;6481633280;254;11450;594500
Kepler-716 b;CONFIRMED;10000;10371689472;320;7200;512100
NULL;CANDIDATE;10000;3969963008;178;9920;512100
Kepler-717 b;CONFIRMED;10000;4408413184;266;11390;600700
Kepler-712 c;CONFIRMED;10000;226890481664;453;2360;506700
NULL;CANDIDATE;9970;2688899328;1204;9290;482000
Kepler-247 c;CONFIRMED;10000;9439459328;416;6860;509700
Kepler-95 b;CONFIRMED;10000;11523067904;313;9270;564400
Kepler-247 b;CONFIRMED;10000;3336123136;174;9700;509700
Kepler-54 b;CONFIRMED;10000;8010784768;172;4530;371300
Kepler-54 c;CONFIRMED;10000;12071342080;129;3950;371300
Kepler-54 d;CONFIRMED;9860;20995878912;130;3280;371300
Kepler-713 b;CONFIRMED;10000;7411131904;245;9050;584900
Kepler-75 b;CONFIRMED;9990;8884923392;1051;7700;533200
Kepler-714 b;CONFIRMED;10000;8098889216;895;9860;621400
Kepler-715 b;CONFIRMED;10000;10006530048;352;8760;606300
Kepler-448 b;CONFIRMED;6350;17855221760;1316;9110;682300
NULL;CANDIDATE;10000;12732623872;487;4320;395000
NULL;CANDIDATE;9660;83924942848;478;2260;396000
Kepler-719 b;CONFIRMED;10000;5007316480;696;9980;586500
Kepler-55 d;CONFIRMED;10000;2211117056;185;9310;450000
Kepler-55 b;CONFIRMED;9970;27954132992;190;4000;450000
Kepler-110 b;CONFIRMED;4150;12691044352;257;10080;586900
Kepler-248 c;CONFIRMED;10000;16239470592;414;5980;519100
Kepler-248 b;CONFIRMED;10000;6308201472;296;8190;519100
Kepler-718 b;CONFIRMED;10000;2052349824;1312;14970;585500
Kepler-83 b;CONFIRMED;10000;9770448896;223;4600;390600
Kepler-83 d;CONFIRMED;10000;5169804288;166;5690;390600
Kepler-109 c;CONFIRMED;10000;21222610944;248;7710;594500
Kepler-83 c;CONFIRMED;10000;20090171392;225;3620;390600
Kepler-249 c;CONFIRMED;9990;7113732608;116;4290;356100
Kepler-249 b;CONFIRMED;9990;3306551552;91;5540;356100
Kepler-249 d;CONFIRMED;9980;15368457216;111;3320;356100
NULL;CANDIDATE;10000;13810203648;456;8330;594200
Kepler-722 b;CONFIRMED;10000;4093578496;285;11820;607700
Kepler-722 c;CONFIRMED;9990;105145958400;343;4010;607700
Kepler-252 c;CONFIRMED;10000;10848451584;234;4990;420100
Kepler-252 b;CONFIRMED;10000;6668332544;118;5870;420100
Kepler-723 b;CONFIRMED;9970;4082274816;1055;10160;565500
NULL;CANDIDATE;10000;3886655232;187;10100;566200
Kepler-55 c;CONFIRMED;10000;42140610560;185;3490;450000
Kepler-55 e;CONFIRMED;10000;4617490432;162;7280;450000
Kepler-55 f;CONFIRMED;9960;10198492160;175;5590;450000
Kepler-250 c;CONFIRMED;10000;7156815360;247;7820;502900
Kepler-250 d;CONFIRMED;10000;17648308224;243;5790;502900
Kepler-250 b;CONFIRMED;9570;4148107264;108;9380;502900
Kepler-251 c;CONFIRMED;10000;16514109440;272;6550;552700
Kepler-251 d;CONFIRMED;10000;30132930560;314;5360;552700
Kepler-251 b;CONFIRMED;10000;4790907904;136;9900;552700
Kepler-110 c;CONFIRMED;10000;31719811072;309;7430;586900
Kepler-251 e;CONFIRMED;10000;99641597952;264;3600;552700
Kepler-720 b;CONFIRMED;10000;4708326400;1060;11620;556000
Kepler-721 b;CONFIRMED;10000;5392027136;268;8500;519800
NULL;CANDIDATE;10000;2494170368;242;11940;556900
Kepler-730 b;CONFIRMED;10000;6491682816;966;10620;612300
Kepler-731 b;CONFIRMED;9990;3855603968;1361;12120;603300
Kepler-468 b;CONFIRMED;9200;38478766080;1326;4840;551000
Kepler-724 b;CONFIRMED;10000;3314947328;394;11550;560900
Kepler-725 b;CONFIRMED;9960;39643156480;1098;4720;523100
Kepler-726 b;CONFIRMED;10000;21804515328;260;5430;548100
Kepler-253 c;CONFIRMED;10000;10281946112;253;6800;519600
Kepler-253 d;CONFIRMED;10000;18119929856;295;5630;519600
Kepler-253 b;CONFIRMED;10000;3784028672;170;9490;519600
Kepler-727 b;CONFIRMED;10000;5154481664;294;9640;543100
Kepler-728 b;CONFIRMED;10000;5743469568;313;9820;589700
NULL;CANDIDATE;10000;39475908608;406;5770;622500
Kepler-729 b;CONFIRMED;10000;3166353664;382;12730;600700
Kepler-256 c;CONFIRMED;10000;3388012288;211;13150;555300
Kepler-256 d;CONFIRMED;10000;5839097856;206;10970;555300
Kepler-256 b;CONFIRMED;10000;1620467712;157;16810;555300
Kepler-256 e;CONFIRMED;10000;10681695232;230;8970;555300
Kepler-734 b;CONFIRMED;10000;6104849408;318;7840;508500
Kepler-77 b;CONFIRMED;9990;3578780672;1043;11450;552400
Kepler-254 b;CONFIRMED;10000;5826657280;409;10130;556100
Kepler-254 c;CONFIRMED;9980;12412163072;258;7870;556100
Kepler-254 d;CONFIRMED;10000;18746490880;305;6860;556100
Kepler-31 b;CONFIRMED;10000;20860213248;550;7810;603500
Kepler-31 c;CONFIRMED;10000;42634276864;522;6150;603500
Kepler-31 d;CONFIRMED;9730;87647608832;400;4840;603500
NULL;CANDIDATE;9750;9617313792;194;10100;603500
Kepler-732 b;CONFIRMED;9530;9467821056;213;4070;358200
Kepler-732 c;CONFIRMED;7040;893040960;124;8930;358200
Kepler-15 b;CONFIRMED;9960;4942783488;1062;10080;551400
Kepler-733 b;CONFIRMED;10000;20834267136;274;5950;553700
Kepler-255 c;CONFIRMED;10000;9946023936;312;8070;534400
Kepler-255 d;CONFIRMED;9980;1045621952;145;17100;534400
Kepler-255 b;CONFIRMED;9490;5714624000;178;9710;534400
NULL;CANDIDATE;10000;102964191232;3900;7970;504700
Kepler-24 b;CONFIRMED;10000;8145159680;343;10500;589600
Kepler-24 e;CONFIRMED;10000;18998528000;4317;7920;589600
Kepler-24 d;CONFIRMED;9990;4244390400;207;13050;589600
NULL;CANDIDATE;10000;90124050432;712;4850;652000
Kepler-112 c;CONFIRMED;10000;28574269440;232;5380;555100
NULL;CANDIDATE;10000;689210176;132;19430;563000
NULL;CANDIDATE;9650;7343739392;184;8390;575700
NULL;CANDIDATE;10000;533059328;13356;58620;852300
Kepler-111 c;CONFIRMED;10000;224778928128;767;3330;587300
Kepler-769 b;CONFIRMED;10000;7426081280;247;10370;604900
Kepler-769 c;CONFIRMED;9890;15986892800;162;8030;604900
Kepler-770 b;CONFIRMED;10000;18925373440;1392;11710;494100
Kepler-784 b;CONFIRMED;9940;31592581120;178;6880;567600
Kepler-785 b;CONFIRMED;9980;1973760896;878;7530;380700
NULL;CANDIDATE;6320;13118962688;825;17680;722100
NULL;CANDIDATE;9990;53505761280;252;6750;624700
Kepler-21 A b;CONFIRMED;10000;2785821184;169;17840;620200
Kepler-755 b;CONFIRMED;10000;1269091456;141;13310;504100
NULL;CANDIDATE;10000;6796853760;201;9850;606100
Kepler-770 c;CONFIRMED;9930;1475323264;588;27400;494100
Kepler-770 d;CONFIRMED;10000;4152461056;762;19410;494100
Kepler-771 b;CONFIRMED;9950;8734884864;159;8900;598200
NULL;CANDIDATE;7520;13447179264;524;8480;627600
NULL;CANDIDATE;10000;1353771904;43099;49030;428300
Kepler-265 c;CONFIRMED;10000;17029027840;254;7550;583900
Kepler-265 b;CONFIRMED;9450;6846192128;167;10220;583900
Kepler-265 e;CONFIRMED;7650;67832164352;239;4760;583900
Kepler-265 d;CONFIRMED;8150;43131215872;239;5540;583900
Kepler-756 b;CONFIRMED;9990;1224866432;154;17410;555300
NULL;CANDIDATE;9310;37810266112;233;5660;608500
Kepler-268 b;CONFIRMED;10000;25934063616;248;6950;595200
Kepler-268 c;CONFIRMED;9120;83446349824;273;4710;595200
Kepler-772 b;CONFIRMED;9890;12992048128;203;8660;576500
Kepler-79 d;CONFIRMED;9940;52090814464;714;5920;619800
NULL;CANDIDATE;7110;4287466752;229;9420;529600
Kepler-260 b;CONFIRMED;10000;8187394560;192;7820;525100
Kepler-260 c;CONFIRMED;8810;76049817600;175;3720;525100
Kepler-111 b;CONFIRMED;10000;3341799424;167;13560;587300
Kepler-773 b;CONFIRMED;10000;3749105664;168;11600;575100
Kepler-774 b;CONFIRMED;10000;11089565696;351;14220;635300
NULL;CANDIDATE;10000;7372903424;267;10040;597300
NULL;CANDIDATE;10000;119062487040;1040;3660;569700
Kepler-415 c;CONFIRMED;10000;8707983360;201;5430;436200
Kepler-415 b;CONFIRMED;9990;4176342784;123;6940;436200
Kepler-79 c;CONFIRMED;10000;27402299392;363;7340;619800
Kepler-743 b;CONFIRMED;10000;3179267328;121;11010;551100
Kepler-261 b;CONFIRMED;10000;10381224960;218;6720;509500
Kepler-261 c;CONFIRMED;10000;24570902528;282;5050;509500
Kepler-43 b;CONFIRMED;10000;3024092416;1214;14890;606300
NULL;CANDIDATE;10000;5670155776;585;3410;333700
Kepler-757 b;CONFIRMED;10000;1022678656;114;17340;536600
Kepler-758 b;CONFIRMED;10000;12109686784;298;10050;602100
Kepler-758 c;CONFIRMED;7580;4757961216;170;13720;602100
Kepler-758 d;CONFIRMED;10000;20497274880;296;8430;602100
Kepler-786 b;CONFIRMED;10000;53529268224;228;3480;473600
NULL;CANDIDATE;10000;2757584640;101;6150;368300
Kepler-787 b;CONFIRMED;9900;928310016;116;11150;410900
Kepler-79 b;CONFIRMED;10000;13484576768;339;9290;619800
Kepler-276 c;CONFIRMED;9990;31884146688;370;5630;577900
Kepler-744 b;CONFIRMED;9990;12062229504;162;7500;554700
Kepler-745 b;CONFIRMED;8480;9931462656;241;9310;578200
Kepler-262 c;CONFIRMED;10000;21853628416;175;6180;583000
Kepler-758 e;CONFIRMED;8840;8193450496;174;11440;602100
Kepler-759 b;CONFIRMED;10000;41805955072;202;5330;590700
NULL;CANDIDATE;5570;1187352448;6735;22510;642400
Kepler-48 b;CONFIRMED;10000;4778002944;185;9320;519200
Kepler-269 b;CONFIRMED;10000;5326672896;226;10070;583100
NULL;CANDIDATE;10000;8172426240;329;8580;570500
Kepler-262 b;CONFIRMED;10000;13060793344;145;7340;583000
NULL;CANDIDATE;9900;4298919936;212;10460;530000
NULL;CANDIDATE;10000;5714817536;929;9430;569500
Kepler-760 b;CONFIRMED;10000;8704204800;286;7480;507400
Kepler-269 c;CONFIRMED;10000;8128093184;139;8750;583100
NULL;CANDIDATE;10000;2836689408;119;12420;583100
Kepler-775 b;CONFIRMED;10000;974868864;116;16120;548700
Kepler-776 b;CONFIRMED;10000;4897209856;148;9040;509300
Kepler-275 c;CONFIRMED;9860;16088323072;342;8750;615700
Kepler-275 b;CONFIRMED;9940;10300679168;220;10150;615700
Kepler-275 d;CONFIRMED;9980;35675746304;302;6710;615700
Kepler-263 b;CONFIRMED;10000;16568068096;254;5480;498700
Kepler-263 c;CONFIRMED;10000;47332929536;218;3860;498700
Kepler-264 b;CONFIRMED;9760;40806535168;371;7720;620700
Kepler-760 c;CONFIRMED;10000;2466970368;156;11390;507400
NULL;CANDIDATE;10000;2624234752;511;11640;534000
Kepler-266 b;CONFIRMED;10000;6618362880;298;10660;552900
Kepler-266 c;CONFIRMED;10000;107721408512;475;4210;552900
Kepler-48 c;CONFIRMED;10000;9673958400;263;7360;519200
Kepler-276 b;CONFIRMED;9850;14128477184;273;7390;577900
Kepler-276 d;CONFIRMED;8290;48647856128;414;4890;577900
Kepler-788 b;CONFIRMED;10000;8398429696;200;9840;630900
Kepler-789 b;CONFIRMED;10000;8638474240;599;14190;568400
Kepler-264 c;CONFIRMED;9910;140107644928;342;5110;620700
Kepler-746 b;CONFIRMED;9980;3481591808;117;11560;540500
Kepler-747 b;CONFIRMED;10000;35617603584;517;4560;512300
Kepler-761 b;CONFIRMED;9980;10128051200;195;7670;567600
Kepler-762 b;CONFIRMED;10000;3770551552;1205;13020;632200
NULL;CANDIDATE;9640;1343767808;1866;26540;632400
NULL;CANDIDATE;7620;553261888;9736;36890;567900
Kepler-777 b;CONFIRMED;10000;5728125952;138;5690;396800
Kepler-778 b;CONFIRMED;10000;3755742720;158;9770;531100
Kepler-257 c;CONFIRMED;10000;6581477376;456;8810;518800
Kepler-470 b;CONFIRMED;10000;24669192192;7776;14850;531300
Kepler-257 b;CONFIRMED;10000;2382652928;274;12370;518800
Kepler-257 d;CONFIRMED;10000;24664614912;534;5670;518800
Kepler-735 b;CONFIRMED;10000;11515171840;290;6570;517700
Kepler-18 c;CONFIRMED;10000;7641567744;491;8990;535600
Kepler-748 b;CONFIRMED;10000;7407425024;201;9380;592200
Kepler-267 b;CONFIRMED;10000;3353732096;165;6150;378900
Kepler-267 c;CONFIRMED;9900;6877446144;205;4840;378900
Kepler-267 d;CONFIRMED;9920;28464648192;187;3010;378900
Kepler-48 d;CONFIRMED;9980;42896449536;200;4480;519200
NULL;CANDIDATE;9960;30587215872;232;6210;594400
Kepler-779 b;CONFIRMED;10000;7097121280;74;4250;356900
Kepler-736 b;CONFIRMED;10000;3601465344;231;9960;505200
NULL;CANDIDATE;10000;3108251136;443;10960;533000
NULL;CANDIDATE;10000;25847496704;240;6720;629700
NULL;CANDIDATE;9990;40715563008;270;5780;629700
Kepler-749 b;CONFIRMED;9950;17317117952;204;4540;471900
Kepler-750 b;CONFIRMED;10000;9428898816;439;11630;589700
NULL;CANDIDATE;10000;6503270400;167;8040;499900
NULL;CANDIDATE;6950;4096676352;142;9380;499900
Kepler-763 b;CONFIRMED;8210;1196548480;125;14140;499900
Kepler-270 b;CONFIRMED;10000;11476089856;207;9840;607100
Kepler-270 c;CONFIRMED;9980;25263046656;171;7560;607100
Kepler-780 b;CONFIRMED;10000;677374656;90;20990;571800
Kepler-271 b;CONFIRMED;10000;10435470336;122;7590;552800
Kepler-271 c;CONFIRMED;9970;7410843136;94;8500;552800
Kepler-737 b;CONFIRMED;10000;28599140352;183;2980;375500
Kepler-738 b;CONFIRMED;10000;24587163648;237;5300;547400
NULL;CANDIDATE;9130;34193600512;2195;7780;612900
Kepler-739 b;CONFIRMED;10000;12532482048;324;7750;599700
NULL;CANDIDATE;9930;31201691648;831;2860;374800
Kepler-258 b;CONFIRMED;10000;13197206528;418;6420;495400
Kepler-18 d;CONFIRMED;10000;14858908672;594;7200;535600
Kepler-750 c;CONFIRMED;9890;4088973056;236;15370;589700
Kepler-751 b;CONFIRMED;10000;17444859904;324;6790;556800
Kepler-764 b;CONFIRMED;10000;7336850944;152;8750;579500
NULL;CANDIDATE;9830;22651174912;762;8550;696800
NULL;CANDIDATE;9930;7717906944;90;5020;397500
Kepler-765 b;CONFIRMED;10000;27665285120;221;6410;603600
Kepler-473 b;CONFIRMED;10000;14557308928;432;8790;577400
NULL;CANDIDATE;8710;6810823680;2606;16260;722600
Kepler-258 c;CONFIRMED;9820;33652846592;305;4700;495400
Kepler-32 b;CONFIRMED;10000;5901278208;194;5140;373100
Kepler-32 c;CONFIRMED;10000;8752097280;183;4510;373100
Kepler-32 d;CONFIRMED;10000;22780782592;217;3280;373100
Kepler-32 e;CONFIRMED;9680;2896005120;123;6520;373100
Kepler-32 f;CONFIRMED;9960;742957888;147;10260;373100
Kepler-752 b;CONFIRMED;10000;18827440128;270;6320;568700
Kepler-753 b;CONFIRMED;10000;5747712000;186;6410;425200
Kepler-18 b;CONFIRMED;10000;3504691200;203;11650;535600
Kepler-418 b;CONFIRMED;9340;86678560768;983;4340;582200
NULL;CANDIDATE;10000;12218280960;510;8350;582200
NULL;CANDIDATE;8940;64617517056;540;3830;504300
Kepler-781 b;CONFIRMED;10000;13214096384;277;6290;533300
Kepler-272 c;CONFIRMED;10000;6057299456;194;9470;533400
Kepler-740 b;CONFIRMED;10000;3584101120;466;11310;573900
Kepler-13 b;CONFIRMED;8750;1763587584;2142;35590;910700
Kepler-471 b;CONFIRMED;10000;5014234624;1063;13080;649000
Kepler-259 b;CONFIRMED;10000;8115287040;310;8790;592600
Kepler-259 c;CONFIRMED;10000;36925042688;301;5300;592600
NULL;CANDIDATE;10000;32312287232;484;6990;582100
NULL;CANDIDATE;9970;9229614080;279;10210;632000
Kepler-754 b;CONFIRMED;8850;14559855616;164;7580;595900
Kepler-472 b;CONFIRMED;10000;4176254208;307;8760;495700
Kepler-766 b;CONFIRMED;9940;6100276224;259;9900;595700
NULL;CANDIDATE;9970;51598094336;657;4490;568100
Kepler-112 b;CONFIRMED;10000;8408878080;228;8090;555100
Kepler-272 d;CONFIRMED;9910;10937255936;241;7770;533400
Kepler-272 b;CONFIRMED;9610;2971366656;152;12000;533400
Kepler-782 b;CONFIRMED;9990;158685003776;308;3500;575100
Kepler-273 b;CONFIRMED;10000;2936527360;192;12090;535900
Kepler-741 b;CONFIRMED;10000;7039020032;245;10510;632100
Kepler-742 b;CONFIRMED;10000;8360870912;367;6900;474300
NULL;CANDIDATE;10000;21761298432;253;4860;485900
NULL;CANDIDATE;7290;12713794560;231;1810;266100
Kepler-767 b;CONFIRMED;10000;161527840768;819;3660;577800
Kepler-768 b;CONFIRMED;10000;11391023104;167;6180;498300
Kepler-24 c;CONFIRMED;10000;12333438976;412;9150;589600
Kepler-273 c;CONFIRMED;10000;8015008256;200;8650;535900
NULL;CANDIDATE;10000;7053934592;236;8400;535700
Kepler-783 b;CONFIRMED;10000;4292636928;68;9910;535700
NULL;CANDIDATE;9940;7674661376;280;9570;606300
Kepler-42 b;CONFIRMED;10000;1213770368;78;5250;329200
Kepler-290 c;CONFIRMED;10000;36770492416;283;4370;514200
Kepler-290 b;CONFIRMED;10000;14589324288;232;5940;514200
NULL;CANDIDATE;9210;764017536;86;15890;514200
Kepler-61 b;CONFIRMED;9980;59878027264;219;2730;401600
NULL;CANDIDATE;10000;20513601536;258;5400;531000
Kepler-297 c;CONFIRMED;9070;74927685632;639;4090;561800
NULL;CANDIDATE;9990;150018949120;3260;3250;561800
Kepler-844 b;CONFIRMED;9990;2613020416;150;7130;388300
Kepler-845 b;CONFIRMED;10000;927859776;179;13610;481500
NULL;CANDIDATE;9970;205912735744;468;2980;564400
Kepler-23 b;CONFIRMED;9960;7106957312;172;11570;576100
NULL;CANDIDATE;10000;783276160;198;21490;564000
NULL;CANDIDATE;5450;3174059008;209;13480;564000
Kepler-280 b;CONFIRMED;10000;2139556352;176;14250;553400
Kepler-280 c;CONFIRMED;10000;4807103488;296;10880;553400
Kepler-56 c;CONFIRMED;10000;21405442048;1164;10870;483800
Kepler-56 b;CONFIRMED;980;10500770816;568;13780;483800
Kepler-285 b;CONFIRMED;10000;2633852416;138;11310;511400
Kepler-285 c;CONFIRMED;9780;6186708992;121;8510;511400
Kepler-286 b;CONFIRMED;10000;1796320896;120;13670;557600
Kepler-286 c;CONFIRMED;9940;3468072960;129;10980;557600
Kepler-286 d;CONFIRMED;9500;5914266624;131;9190;557600
Kepler-476 b;CONFIRMED;10000;14006404096;311;8070;578800
Kepler-291 b;CONFIRMED;10000;3546531840;218;12120;599300
Kepler-291 c;CONFIRMED;9830;5700706304;203;10350;599300
Kepler-292 f;CONFIRMED;10000;20834150400;226;5630;529600
Kepler-292 d;CONFIRMED;10000;7055658496;213;8080;529600
Kepler-298 b;CONFIRMED;10000;10475481088;211;5400;446300
Kepler-298 c;CONFIRMED;10000;22928863232;208;4160;446300
Kepler-298 d;CONFIRMED;9960;77474095104;263;2770;446300
NULL;CANDIDATE;9980;345158942720;779;2410;559700
Kepler-299 c;CONFIRMED;10000;6885952000;268;9460;561600
NULL;CANDIDATE;10000;99644276736;848;4150;610200
Kepler-474 b;CONFIRMED;10000;5660669440;324;11150;574600
Kepler-798 b;CONFIRMED;10000;13719384064;198;8640;638700
Kepler-286 e;CONFIRMED;9100;29221496832;181;5390;557600
Kepler-287 c;CONFIRMED;9990;44852101120;335;5130;551400
Kepler-287 b;CONFIRMED;10000;20342378496;288;6670;551400
Kepler-11 g;CONFIRMED;9970;118378676224;340;3760;565700
Kepler-811 b;CONFIRMED;10000;23584446464;300;7300;565500
Kepler-292 e;CONFIRMED;10000;11978844160;211;6780;529600
Kepler-292 c;CONFIRMED;8570;3715456000;146;10010;529600
Kepler-292 b;CONFIRMED;10000;2580832768;131;11300;529600
Kepler-293 b;CONFIRMED;10000;19254040576;304;6570;579800
Kepler-299 d;CONFIRMED;9970;15054936064;160;7290;561600
Kepler-299 b;CONFIRMED;9990;2927211264;129;12580;561600
Kepler-299 e;CONFIRMED;9980;38285635584;177;5340;561600
Kepler-846 b;CONFIRMED;10000;19807877120;208;6240;577500
Kepler-847 b;CONFIRMED;9960;2343230464;118;10540;479800
NULL;CANDIDATE;10000;19037235200;574;10510;524800
Kepler-812 b;CONFIRMED;10000;10117168128;307;11630;630600
Kepler-813 b;CONFIRMED;10000;19129475072;423;8170;537200
NULL;CANDIDATE;9390;83578200064;663;6550;605600
Kepler-814 b;CONFIRMED;10000;6146995712;204;11640;611000
Kepler-293 c;CONFIRMED;10000;54155837440;388;4660;579800
Kepler-5 b;CONFIRMED;7540;3548465408;1492;16400;629000
Kepler-477 b;CONFIRMED;10000;11119902720;208;6490;507800
Kepler-828 b;CONFIRMED;10000;567856512;155;18480;507300
Kepler-300 c;CONFIRMED;10000;40715051008;220;5160;596800
Kepler-300 b;CONFIRMED;10000;10446359552;218;8120;596800
Kepler-301 b;CONFIRMED;10000;2508553216;128;12780;581400
Kepler-301 d;CONFIRMED;10000;13751296000;166;7250;581400
Kepler-114 c;CONFIRMED;6800;8041347584;129;5070;398000
NULL;CANDIDATE;10000;5082722304;440;10590;578000
Kepler-815 b;CONFIRMED;9970;8575049728;426;13740;498600
NULL;CANDIDATE;10000;6846398976;190;11320;606500
NULL;CANDIDATE;9970;7649708544;143;11440;585500
Kepler-11 b;CONFIRMED;10000;10304011264;184;8490;565700
NULL;CANDIDATE;10000;3016182016;225;14490;561100
Kepler-829 b;CONFIRMED;9950;6883376128;169;8570;567900
Kepler-301 c;CONFIRMED;9800;5419084800;138;9890;581400
NULL;CANDIDATE;10000;7017335808;161;9840;605200
Kepler-848 b;CONFIRMED;10000;6911342080;190;10860;568500
Kepler-849 b;CONFIRMED;10000;394624958464;779;3250;591000
Kepler-850 b;CONFIRMED;9960;7193049600;159;9950;618500
Kepler-420 b;CONFIRMED;1170;86647644160;940;4190;552200
Kepler-281 c;CONFIRMED;9970;36337504256;530;5130;571700
Kepler-281 b;CONFIRMED;10000;14646130688;222;6940;571700
NULL;CANDIDATE;9600;148272005120;430;3210;571700
Kepler-816 b;CONFIRMED;10000;10506829824;901;6680;512700
NULL;CANDIDATE;6770;321212448768;725;3100;601800
Kepler-830 b;CONFIRMED;9990;11296893952;174;9070;609600
Kepler-116 b;CONFIRMED;10000;5968723968;326;12510;612200
Kepler-854 b;CONFIRMED;410;2144632192;5919;17360;629600
Kepler-799 b;CONFIRMED;10000;133461000192;1121;4330;558800
Kepler-114 b;CONFIRMED;9920;5188563456;100;5860;398000
NULL;CANDIDATE;9880;15194233856;369;8930;558800
Kepler-817 b;CONFIRMED;10000;3990105856;745;11240;592600
Kepler-818 b;CONFIRMED;10000;10035382272;442;7860;581300
Kepler-831 b;CONFIRMED;10000;5621542912;137;9920;563700
Kepler-851 b;CONFIRMED;9860;8506980864;190;9000;582200
Kepler-407 b;CONFIRMED;10000;669310080;113;19830;547500
Kepler-852 b;CONFIRMED;9790;44930670592;249;5650;612100
Kepler-800 b;CONFIRMED;10000;14131752960;302;6750;561600
Kepler-801 b;CONFIRMED;10000;11419260928;148;4190;382300
NULL;CANDIDATE;9960;268941099008;1357;3210;579800
Kepler-819 b;CONFIRMED;9950;33199636480;285;4850;510200
NULL;CANDIDATE;9990;6800820224;188;6970;480500
Kepler-288 c;CONFIRMED;10000;19305816064;400;8150;566100
Kepler-478 b;CONFIRMED;10000;13221753856;238;6400;521100
Kepler-853 b;CONFIRMED;9980;7168930816;161;11870;622100
NULL;CANDIDATE;8670;2486586112;2439;14610;589200
Kepler-57 b;CONFIRMED;10000;5729317376;241;8500;532000
Kepler-114 d;CONFIRMED;10000;11776132096;208;4460;398000
Kepler-57 c;CONFIRMED;10000;11609084928;171;6710;532000
NULL;CANDIDATE;10000;162047950848;1152;4370;630900
Kepler-802 b;CONFIRMED;9270;40058818560;343;4890;566800
Kepler-288 b;CONFIRMED;9990;6097472512;222;11970;566100
Kepler-288 d;CONFIRMED;9910;56637919232;368;5700;566100
Kepler-115 c;CONFIRMED;10000;8990885888;278;9600;588100
NULL;CANDIDATE;10000;1694740224;212;7970;376400
Kepler-855 b;CONFIRMED;10000;7886632448;899;9960;584700
Kepler-856 b;CONFIRMED;10000;8027681280;843;8240;556900
Kepler-803 b;CONFIRMED;9360;50286358528;388;5430;590000
NULL;CANDIDATE;10000;22790203392;257;6340;547800
NULL;CANDIDATE;10000;13260797952;147;7600;547800
Kepler-820 b;CONFIRMED;10000;127833497600;946;5540;650500
Kepler-58 b;CONFIRMED;10000;10218645504;233;9200;610000
Kepler-58 c;CONFIRMED;10000;15573637120;294;7990;610000
Kepler-58 d;CONFIRMED;10000;40101556224;292;5830;610000
NULL;CANDIDATE;10000;4458148864;161;12120;610000
NULL;CANDIDATE;10000;6230334976;370;8750;547700
Kepler-479 b;CONFIRMED;10000;12493407232;220;6490;520700
Kepler-294 c;CONFIRMED;10000;6626434560;254;8950;561600
Kepler-294 b;CONFIRMED;9920;3701220608;162;10870;561600
NULL;CANDIDATE;10000;6247030784;189;5120;382100
Kepler-790 b;CONFIRMED;10000;13734740992;271;6340;519600
Kepler-791 b;CONFIRMED;10000;14553874432;345;9390;614300
Kepler-79 e;CONFIRMED;9760;81063788544;301;5110;619800
Kepler-282 d;CONFIRMED;10000;24805677056;216;5880;560000
Kepler-11 c;CONFIRMED;10000;13024932864;288;7860;565700
Kepler-282 e;CONFIRMED;10000;44347195392;245;4840;560000
Kepler-282 b;CONFIRMED;8960;9220768768;102;8170;560000
Kepler-282 c;CONFIRMED;9920;13639664640;110;7170;560000
Kepler-821 b;CONFIRMED;10000;1922799744;128;12150;519400
Kepler-904 b;CONFIRMED;10000;3021680128;131;13320;620100
Kepler-822 b;CONFIRMED;10000;3222975232;147;12390;582300
NULL;CANDIDATE;9990;42037067776;166;5270;582300
NULL;CANDIDATE;7540;21011206144;140;6630;582300
Kepler-823 b;CONFIRMED;10000;4168118272;228;12770;568900
NULL;CANDIDATE;10000;5823489024;300;9550;577400
NULL;CANDIDATE;10000;8750598144;227;6820;494200
Kepler-832 b;CONFIRMED;10000;7139697152;224;9650;601400
Kepler-833 b;CONFIRMED;10000;18754703360;167;3820;397600
Kepler-792 b;CONFIRMED;9970;11301230592;185;8520;573000
Kepler-793 b;CONFIRMED;10000;4241536256;144;11770;577600
Kepler-277 b;CONFIRMED;10000;17324191744;314;9640;596800
Kepler-804 b;CONFIRMED;10000;14374576128;194;7790;576800
Kepler-804 c;CONFIRMED;9710;9651883008;108;8900;576800
NULL;CANDIDATE;9890;49478144000;188;4620;577600
Kepler-805 b;CONFIRMED;9980;30863947776;301;7430;597700
Kepler-115 b;CONFIRMED;10000;2403640576;124;14890;588100
Kepler-824 b;CONFIRMED;10000;4514360832;184;12310;594000
Kepler-825 b;CONFIRMED;8080;3773598720;129;12700;622400
Kepler-825 c;CONFIRMED;10000;8181821952;177;9810;622400
Kepler-834 b;CONFIRMED;9990;13323893760;126;3780;375100
Kepler-480 b;CONFIRMED;10000;4919584768;286;13120;623600
Kepler-835 b;CONFIRMED;9960;11419118592;332;9210;631100
Kepler-836 b;CONFIRMED;10000;11361132544;260;8690;624400
NULL;CANDIDATE;10000;14534108160;136;4200;395700
Kepler-277 c;CONFIRMED;9990;33006317568;313;7780;596800
Kepler-794 b;CONFIRMED;10000;11131271168;206;9520;580000
Kepler-795 b;CONFIRMED;9990;29619388416;174;5800;561800
Kepler-113 c;CONFIRMED;10000;8925079552;236;6280;472800
Kepler-806 b;CONFIRMED;9980;8092210688;144;10890;577400
Kepler-11 d;CONFIRMED;10000;22687154176;320;6530;565700
Kepler-826 b;CONFIRMED;9990;4487587840;137;13050;606000
Kepler-837 b;CONFIRMED;10000;16560625664;294;7010;581800
Kepler-838 b;CONFIRMED;10000;15749585920;277;7770;619100
Kepler-839 b;CONFIRMED;9990;37814525952;304;6260;598800
Kepler-295 b;CONFIRMED;9860;12645043200;155;7410;560700
Kepler-295 c;CONFIRMED;9990;21526296576;136;6210;560700
Kepler-295 d;CONFIRMED;9350;33884581888;174;5330;560700
Kepler-796 b;CONFIRMED;9970;6400871424;191;11090;542600
Kepler-278 b;CONFIRMED;10000;30159941632;454;8360;501000
Kepler-278 c;CONFIRMED;9810;51077103616;366;7020;501000
Kepler-807 b;CONFIRMED;10000;117931106304;1036;4180;639200
NULL;CANDIDATE;10000;13738082304;384;9120;637500
Kepler-289 c;CONFIRMED;10000;125865402368;1237;3940;593300
Kepler-289 b;CONFIRMED;10000;34543943680;267;6070;593300
Kepler-23 c;CONFIRMED;10000;10742417408;306;10080;576100
Kepler-840 b;CONFIRMED;9200;2495780096;1575;14080;603900
Kepler-113 b;CONFIRMED;10000;4754000896;200;7750;472800
Kepler-6 b;CONFIRMED;9870;3234699264;1306;13560;564000
Kepler-11 e;CONFIRMED;10000;31995525120;412;5820;565700
NULL;CANDIDATE;5650;2380862720;2165;14800;582100
Kepler-827 b;CONFIRMED;9950;51929206784;849;5740;567100
NULL;CANDIDATE;10000;3014330880;287;11240;520900
NULL;CANDIDATE;10000;5644914176;266;7440;476900
Kepler-475 b;CONFIRMED;10000;3105507840;268;9800;498900
NULL;CANDIDATE;10000;13351512064;444;5850;484300
Kepler-296 c;CONFIRMED;10000;5841636864;138;4460;352600
Kepler-296 d;CONFIRMED;10000;19850295296;152;2970;352600
Kepler-283 b;CONFIRMED;10000;11008176128;215;4880;414100
Kepler-432 b;CONFIRMED;9810;52500865024;1241;8120;497600
Kepler-808 b;CONFIRMED;10000;631331712;120;13220;444100
Kepler-284 b;CONFIRMED;10000;12699049984;262;6860;529100
NULL;CANDIDATE;9990;8742920192;192;6430;476900
NULL;CANDIDATE;10000;3648301824;133;8600;476900
NULL;CANDIDATE;9330;2345862912;123;9970;476900
NULL;CANDIDATE;10000;37101142016;319;5320;598600
NULL;CANDIDATE;10000;104820588544;645;3760;598600
Kepler-296 b;CONFIRMED;9850;10864409600;114;3630;352600
Kepler-841 b;CONFIRMED;10000;124419719168;1030;4160;506600
Kepler-842 b;CONFIRMED;10000;1219568000;151;12520;483800
Kepler-843 b;CONFIRMED;10000;2053884800;274;15230;563200
Kepler-297 b;CONFIRMED;10000;38868488192;281;5090;561800
Kepler-279 c;CONFIRMED;860;35735363584;547;7740;636600
Kepler-279 b;CONFIRMED;2420;12309716992;382;11040;636600
Kepler-797 b;CONFIRMED;10000;27072376832;218;6050;593600
Kepler-284 c;CONFIRMED;10000;37514211328;268;4780;529100
Kepler-809 b;CONFIRMED;10000;55639187456;313;4780;594900
Kepler-11 f;CONFIRMED;9980;46685622272;252;5130;565700
NULL;CANDIDATE;9980;34296635392;329;5840;549000
Kepler-810 b;CONFIRMED;9840;4597265920;169;11050;599900
NULL;CANDIDATE;9930;9977168896;253;10280;555700
Kepler-316 b;CONFIRMED;10000;2240486656;122;8370;419800
NULL;CANDIDATE;8550;105014575104;229;4060;586800
Kepler-935 b;CONFIRMED;10000;4880844800;155;8790;492900
Kepler-936 b;CONFIRMED;9690;10561372160;243;8670;561000
Kepler-937 b;CONFIRMED;9640;67669053440;339;4950;612700
Kepler-861 b;CONFIRMED;10000;3949627136;232;9660;515500
NULL;CANDIDATE;10000;16004603904;224;5830;518000
Kepler-862 b;CONFIRMED;10000;3148661504;215;10970;525800
Kepler-304 b;CONFIRMED;10000;3295700992;281;8750;472300
Kepler-304 d;CONFIRMED;10000;9653489664;241;6110;472300
Kepler-304 c;CONFIRMED;10000;5315954688;233;7460;472300
Kepler-484 b;CONFIRMED;10000;10045563904;219;7660;563200
Kepler-304 e;CONFIRMED;10000;1499144448;109;11370;472300
Kepler-905 b;CONFIRMED;10000;5082748416;140;9280;543000
Kepler-311 b;CONFIRMED;10000;9176171520;166;9600;590300
Kepler-311 c;CONFIRMED;9980;19738398720;161;7440;590300
Kepler-906 b;CONFIRMED;9960;41698017280;203;5370;599700
NULL;CANDIDATE;9990;59658534912;359;3930;524300
Kepler-938 b;CONFIRMED;10000;52629852160;368;5440;533900
Kepler-427 b;CONFIRMED;9910;10290994176;1343;9960;580300
Kepler-939 b;CONFIRMED;8200;14878394368;163;6920;582200
Kepler-940 b;CONFIRMED;9920;59622260736;363;4860;610800
NULL;CANDIDATE;9940;8195966464;204;6720;472300
Kepler-863 b;CONFIRMED;9990;15594660864;274;7180;590000
Kepler-482 b;CONFIRMED;9990;56354078720;259;3520;480200
Kepler-408 b;CONFIRMED;10000;2465024256;69;15610;613900
Kepler-907 b;CONFIRMED;10000;15866248192;131;8790;609900
Kepler-425 b;CONFIRMED;9950;3797018368;1007;9820;516700
Kepler-908 b;CONFIRMED;10000;1340596736;116;17830;599200
Kepler-941 b;CONFIRMED;10000;17423935488;329;7220;601800
Kepler-1651 b;CONFIRMED;10000;9878645760;160;3930;360900
Kepler-942 b;CONFIRMED;7480;44964073472;200;3790;482700
Kepler-943 b;CONFIRMED;9980;49770090496;512;4550;577400
NULL;CANDIDATE;9940;12731938816;7011;11450;723800
Kepler-864 b;CONFIRMED;9970;5833761792;298;11430;621300
NULL;CANDIDATE;9990;2421503488;162;15320;621300
Kepler-865 b;CONFIRMED;10000;14164000768;235;6940;544000
NULL;CANDIDATE;4640;6209202176;89;9140;544000
Kepler-305 b;CONFIRMED;10000;5487114240;324;8360;510300
Kepler-305 c;CONFIRMED;9990;8290841600;321;7280;510300
NULL;CANDIDATE;10000;3205396224;170;10000;510300
Kepler-305 d;CONFIRMED;10000;16738690048;256;5760;510300
NULL;CANDIDATE;10000;165739855872;5754;6920;501900
Kepler-909 b;CONFIRMED;9990;13932915712;166;8520;602600
Kepler-910 b;CONFIRMED;9120;2364367616;82;17520;625000
NULL;CANDIDATE;10000;20665438208;66;4870;483000
Kepler-911 b;CONFIRMED;10000;20310474752;241;9310;606500
NULL;CANDIDATE;8550;69834801152;351;7650;773200
Kepler-912 b;CONFIRMED;10000;2534755584;202;12180;566200
NULL;CANDIDATE;8090;2594884352;236;10140;474800
Kepler-944 b;CONFIRMED;10000;43316744192;242;4590;565400
Kepler-866 b;CONFIRMED;10000;2617028352;157;9960;483100
Kepler-867 b;CONFIRMED;10000;150241263616;460;3270;560400
Kepler-891 b;CONFIRMED;9890;53449445376;582;4860;591900
Kepler-306 c;CONFIRMED;10000;7240224256;214;7160;495500
Kepler-306 b;CONFIRMED;10000;4646223872;182;8300;495500
Kepler-913 b;CONFIRMED;10000;10296740864;575;11290;606800
NULL;CANDIDATE;9970;5939190272;370;13570;606800
Kepler-312 c;CONFIRMED;10000;19747340288;262;7540;624300
Kepler-486 b;CONFIRMED;9820;30360444928;1099;4590;493900
Kepler-914 b;CONFIRMED;9950;4409667584;151;11920;583600
NULL;CANDIDATE;9990;4167878144;107;9620;525100
Kepler-946 b;CONFIRMED;9980;11791611904;241;8570;561900
NULL;CANDIDATE;10000;20558483456;3690;6240;557800
Kepler-947 b;CONFIRMED;10000;26964500480;220;5730;575400
Kepler-868 b;CONFIRMED;10000;5032569856;253;10470;597000
Kepler-869 b;CONFIRMED;10000;40428666880;292;4940;581300
Kepler-870 b;CONFIRMED;10000;21358823424;252;6910;617000
Kepler-871 b;CONFIRMED;10000;22045917184;305;6400;590000
Kepler-306 d;CONFIRMED;10000;17326704640;223;5350;495500
Kepler-306 e;CONFIRMED;9990;44841115648;275;3900;495500
Kepler-892 b;CONFIRMED;10000;13752078336;281;5560;480200
Kepler-893 b;CONFIRMED;10000;6338559488;331;10340;610800
NULL;CANDIDATE;9880;11305079808;140;7440;570500
Kepler-915 b;CONFIRMED;10000;4594897920;185;13190;605600
Kepler-916 b;CONFIRMED;9770;32296427520;190;5030;524600
Kepler-917 b;CONFIRMED;10000;2970417920;170;9910;506800
NULL;CANDIDATE;10000;12681734144;725;6010;497600
Kepler-422 b;CONFIRMED;9880;7891448832;1263;10280;597200
NULL;CANDIDATE;10000;839961472;163;14550;493200
Kepler-872 b;CONFIRMED;10000;2578852096;163;12300;574300
Kepler-483 b;CONFIRMED;10000;30229102592;349;7550;632500
NULL;CANDIDATE;8760;3479425536;1286;11660;590700
Kepler-894 b;CONFIRMED;10000;9803211776;299;8960;617000
NULL;CANDIDATE;10000;24810971136;422;6310;608600
NULL;CANDIDATE;10000;7136922112;138;9560;608600
Kepler-918 b;CONFIRMED;9860;4853840384;172;10520;577800
Kepler-919 b;CONFIRMED;9960;11046053888;180;8690;609300
NULL;CANDIDATE;10000;3720207104;99;9540;501700
Kepler-949 b;CONFIRMED;10000;8689301504;292;7820;521100
Kepler-488 b;CONFIRMED;8020;3120828160;1416;13030;612200
NULL;CANDIDATE;9920;15135904768;257;9330;605000
Kepler-303 b;CONFIRMED;8890;1937030016;87;8020;404200
Kepler-303 c;CONFIRMED;9910;7061173248;123;5210;404200
Kepler-873 b;CONFIRMED;10000;20553314304;319;7490;632500
Kepler-874 b;CONFIRMED;10000;40068669440;310;5600;602600
Kepler-87 b;CONFIRMED;10000;114736578560;1228;4760;559700
NULL;CANDIDATE;9520;5833938432;198;12850;559700
Kepler-307 b;CONFIRMED;10000;10415726592;301;7970;551100
Kepler-313 b;CONFIRMED;9990;14970316800;253;8830;572600
Kepler-313 c;CONFIRMED;9870;32275384320;231;6830;572600
NULL;CANDIDATE;9940;38326222848;243;4800;522900
NULL;CANDIDATE;9920;4043552512;175;6130;387100
NULL;CANDIDATE;10000;5597282304;328;9300;561000
Kepler-317 b;CONFIRMED;6770;5524186112;225;9760;533400
Kepler-317 c;CONFIRMED;9720;8775147520;191;8370;533400
NULL;CANDIDATE;10000;10127422464;380;9690;639200
Kepler-875 b;CONFIRMED;10000;27507111936;258;5690;578300
Kepler-876 b;CONFIRMED;10000;5144364544;155;9230;515700
Kepler-877 b;CONFIRMED;10000;18458484736;250;6320;531100
Kepler-878 b;CONFIRMED;10000;25942157312;195;5010;516700
NULL;CANDIDATE;10000;21060753408;178;6690;570600
Kepler-307 c;CONFIRMED;10000;13084242944;271;7390;551100
Kepler-423 b;CONFIRMED;9950;2684328448;1273;12650;556100
Kepler-895 b;CONFIRMED;10000;2806243584;141;7710;415300
Kepler-920 b;CONFIRMED;10000;6531940352;309;9070;530100
Kepler-921 b;CONFIRMED;9940;51301183488;207;4920;603200
Kepler-922 b;CONFIRMED;10000;938466944;158;18760;549900
NULL;CANDIDATE;9960;51390144512;362;5700;607400
Kepler-426 b;CONFIRMED;10000;3217518592;1138;11850;572000
Kepler-318 b;CONFIRMED;10000;4662718976;386;10390;572900
Kepler-318 c;CONFIRMED;10000;11815017472;348;7620;572900
Kepler-411 c;CONFIRMED;10000;7834433536;347;6890;492000
Kepler-411 b;CONFIRMED;10000;3005156864;220;9490;492000
Kepler-879 b;CONFIRMED;9980;33385617408;248;5800;583300
Kepler-880 b;CONFIRMED;10000;7714676736;465;16220;690000
Kepler-881 b;CONFIRMED;10000;4444482560;171;12170;624000
NULL;CANDIDATE;10000;29542256640;315;5150;551000
Kepler-896 b;CONFIRMED;9940;144551624704;306;3030;551000
NULL;CANDIDATE;10000;186436173824;1132;3530;539300
Kepler-897 b;CONFIRMED;10000;8047277056;233;8550;584000
Kepler-898 b;CONFIRMED;9980;5870633984;144;6160;416600
Kepler-487 b;CONFIRMED;9980;15358768128;1089;6620;542200
NULL;CANDIDATE;10000;29539090432;251;7140;657200
NULL;CANDIDATE;9850;35636404224;199;5370;592600
NULL;CANDIDATE;9780;8981284864;719;8980;597700
NULL;CANDIDATE;9900;192667140096;364;2830;540100
Kepler-882 b;CONFIRMED;10000;3989544192;93;9030;522900
Kepler-59 c;CONFIRMED;10000;17977604096;158;7520;629600
Kepler-59 b;CONFIRMED;10000;11869314048;109;8640;629600
Kepler-883 b;CONFIRMED;10000;12984945664;164;8180;594800
Kepler-899 b;CONFIRMED;10000;19178940416;240;6400;576700
Kepler-900 b;CONFIRMED;10000;6991304704;195;7160;484700
Kepler-901 b;CONFIRMED;10000;3517494784;142;7040;413200
Kepler-923 b;CONFIRMED;9930;6933651456;170;11040;586100
Kepler-924 b;CONFIRMED;9890;61037359104;338;6100;630900
Kepler-925 b;CONFIRMED;9910;33867778048;231;3940;456400
NULL;CANDIDATE;10000;14623995904;2192;6810;575300
NULL;CANDIDATE;9980;281562873856;1083;2140;481000
Kepler-884 b;CONFIRMED;10000;5699195904;116;9640;564600
Kepler-885 b;CONFIRMED;9970;18114738176;249;8300;610900
Kepler-886 b;CONFIRMED;10000;6241457664;160;11110;581000
Kepler-887 b;CONFIRMED;10000;20422244352;178;7850;611900
Kepler-84 b;CONFIRMED;9980;8725855232;286;9850;603600
Kepler-84 c;CONFIRMED;10000;12882914304;315;8650;603600
Kepler-84 e;CONFIRMED;10000;27434596352;256;6720;603600
Kepler-84 d;CONFIRMED;9960;4224536320;160;12540;603600
Kepler-84 f;CONFIRMED;9960;44552028160;229;5720;603600
Kepler-926 b;CONFIRMED;9940;52069003264;292;5240;556500
NULL;CANDIDATE;9960;2418406912;225;12260;542200
NULL;CANDIDATE;10000;6939103232;141;4450;363800
Kepler-927 b;CONFIRMED;9970;9115002880;178;9060;596200
Kepler-69 b;CONFIRMED;10000;13722368000;223;7460;563700
NULL;CANDIDATE;10000;15434009600;430;7210;590000
Kepler-887 c;CONFIRMED;9930;7638460928;112;10890;611900
Kepler-888 b;CONFIRMED;9560;70698172416;163;4170;581100
Kepler-889 b;CONFIRMED;10000;3744436480;110;13280;587600
NULL;CANDIDATE;9240;10191546368;139;11440;621200
NULL;CANDIDATE;4880;2819453440;2980;13570;576700
NULL;CANDIDATE;9980;12890066944;193;6200;491500
NULL;CANDIDATE;9030;2355745024;134;10930;491500
NULL;CANDIDATE;9960;4746661376;130;8650;491500
NULL;CANDIDATE;10000;19656392704;283;5490;528800
NULL;CANDIDATE;3650;70468173824;346;5110;646100
Kepler-928 b;CONFIRMED;10000;3932460800;165;8940;484100
Kepler-929 b;CONFIRMED;10000;921030528;162;23620;584300
Kepler-314 c;CONFIRMED;10000;5960399872;285;8900;541800
Kepler-857 b;CONFIRMED;9360;85351489536;631;3900;558400
NULL;CANDIDATE;10000;23020283904;758;6040;561300
Kepler-419 b;CONFIRMED;9850;69726470144;1165;6130;643000
NULL;CANDIDATE;10000;1609321984;157;9580;422400
NULL;CANDIDATE;9750;9512200192;199;5300;422400
NULL;CANDIDATE;9870;4729411584;122;6690;422400
Kepler-3 b;CONFIRMED;9130;4887802880;482;8000;477800
Kepler-12 b;CONFIRMED;7610;4437962752;1805;13380;595300
Kepler-458 c;CONFIRMED;9990;20740286464;424;7980;622600
NULL;CANDIDATE;7590;2379282176;2574;15710;639200
Kepler-308 b;CONFIRMED;9640;9695011840;208;8330;589600
Kepler-308 c;CONFIRMED;10000;15382539264;214;7140;589600
Kepler-902 b;CONFIRMED;10000;40109780992;311;5560;550900
NULL;CANDIDATE;9980;708621056;120;18460;542200
Kepler-314 b;CONFIRMED;9590;2461069568;84;11950;541800
NULL;CANDIDATE;10000;3403744000;1077;11010;559600
Kepler-931 b;CONFIRMED;10000;8037537792;154;7440;504400
NULL;CANDIDATE;9830;2439025664;261;23070;654600
NULL;CANDIDATE;9990;56358797312;504;4190;544600
Kepler-69 c;CONFIRMED;6930;242467405824;173;2860;563700
NULL;CANDIDATE;9220;169497608192;906;2720;527000
Kepler-858 b;CONFIRMED;9610;76136218624;478;3990;559100
NULL;CANDIDATE;9260;5910371328;1262;10530;620000
NULL;CANDIDATE;7330;917568960;1192;17480;571300
Kepler-309 b;CONFIRMED;10000;5923657216;99;5310;388300
Kepler-485 b;CONFIRMED;9980;3243259904;1291;12430;582300
NULL;CANDIDATE;10000;7796687872;244;11160;652100
Kepler-310 c;CONFIRMED;9860;56475807744;322;4170;549700
Kepler-310 d;CONFIRMED;10000;92874727424;264;3530;549700
Kepler-1650 b;CONFIRMED;9990;1538180992;100;6020;336400
NULL;CANDIDATE;10000;10418891776;317;8550;569200
NULL;CANDIDATE;10000;20499875840;280;7310;624900
Kepler-932 b;CONFIRMED;10000;1921437440;177;12760;523800
Kepler-315 b;CONFIRMED;9980;96109322240;401;4090;579200
Kepler-859 b;CONFIRMED;10000;20381747200;316;5280;488300
NULL;CANDIDATE;9770;7004478976;119;7540;488300
Kepler-860 b;CONFIRMED;10000;5101375488;284;10500;586900
NULL;CANDIDATE;10000;30693955584;1372;6140;613700
Kepler-310 b;CONFIRMED;10000;13930687488;140;6650;549700
NULL;CANDIDATE;9000;20407484416;290;6600;582300
Kepler-903 b;CONFIRMED;9990;10350784512;197;8420;553400
Kepler-903 c;CONFIRMED;8380;62922493952;275;4620;553400
NULL;CANDIDATE;10000;32773763072;500;6860;564000
Kepler-933 b;CONFIRMED;9970;14204426240;190;6020;535000
Kepler-934 b;CONFIRMED;9910;55673581568;219;3840;499800
Kepler-316 c;CONFIRMED;10000;6827781632;134;5770;419800
Kepler-302 c;CONFIRMED;10000;127282446336;1204;3920;573300
Kepler-481 b;CONFIRMED;10000;10060832768;258;8990;570500
Kepler-302 b;CONFIRMED;10000;30183702528;365;6340;573300
NULL;CANDIDATE;9390;77634248704;940;3250;481200
Kepler-890 b;CONFIRMED;3310;52758786048;876;5400;622800
Kepler-341 e;CONFIRMED;10000;42472906752;203;5390;561600
Kepler-342 b;CONFIRMED;9980;15170269184;247;9050;629700
Kepler-342 d;CONFIRMED;6030;39457624064;280;6580;629700
Kepler-66 b;CONFIRMED;10000;17815969792;312;6990;596400
Kepler-23 d;CONFIRMED;10000;15274438656;217;8960;576100
Kepler-1026 b;CONFIRMED;10000;36515762176;255;4250;484700
Kepler-1063 b;CONFIRMED;10000;14079692800;208;9310;582100
Kepler-1064 b;CONFIRMED;9980;16540814336;157;5700;506400
Kepler-1065 b;CONFIRMED;10000;3609313024;326;10920;566800
Kepler-1066 b;CONFIRMED;10000;1931555456;225;12900;546100
Kepler-353 c;CONFIRMED;9780;8411002880;180;4720;375700
Kepler-964 b;CONFIRMED;10000;13522523136;211;6520;533800
Kepler-965 b;CONFIRMED;9870;134252044288;343;3930;581800
Kepler-490 b;CONFIRMED;9990;3268695040;1691;15970;592700
Kepler-966 b;CONFIRMED;10000;99746881536;394;3910;562000
Kepler-492 b;CONFIRMED;9980;11720124416;794;6600;521500
Kepler-1002 b;CONFIRMED;10000;4336435200;175;14530;618000
Kepler-330 c;CONFIRMED;10000;15955419136;218;5730;489100
Kepler-330 b;CONFIRMED;9900;8259803648;135;7140;489100
NULL;CANDIDATE;10000;62561386496;354;4170;566200
Kepler-343 b;CONFIRMED;10000;8968470528;217;10240;580800
Kepler-1027 b;CONFIRMED;10000;1907810688;91;12680;543500
NULL;CANDIDATE;10000;32858626048;231;6910;589900
NULL;CANDIDATE;10000;2229326336;60;12730;558700
Kepler-1028 b;CONFIRMED;10000;2514628608;127;12170;566200
Kepler-494 b;CONFIRMED;10000;8025118720;779;10930;600200
Kepler-353 b;CONFIRMED;10000;5795294720;105;5340;375700
NULL;CANDIDATE;9790;73757884416;428;3750;502900
NULL;CANDIDATE;10000;8562672640;226;7680;502900
Kepler-85 b;CONFIRMED;10000;8305376768;169;8090;543500
Kepler-967 b;CONFIRMED;10000;13227140096;222;6380;518000
Kepler-324 c;CONFIRMED;10000;51809828864;260;4100;519100
Kepler-324 b;CONFIRMED;9500;4385364480;115;9350;519100
NULL;CANDIDATE;8500;34205784064;110;4710;519100
NULL;CANDIDATE;9800;13979450368;197;6350;519100
Kepler-1003 b;CONFIRMED;10000;3554856448;129;11570;606800
Kepler-1004 b;CONFIRMED;10000;5287907328;710;16610;499400
Kepler-331 b;CONFIRMED;10000;8457466368;187;5400;434700
Kepler-331 c;CONFIRMED;10000;17281169408;204;4250;434700
Kepler-331 d;CONFIRMED;2430;32134000640;184;3460;434700
NULL;CANDIDATE;9380;59771142144;317;5220;621400
Kepler-1029 b;CONFIRMED;10000;4417692672;157;7900;476600
NULL;CANDIDATE;10000;10087445504;315;9420;631000
NULL;CANDIDATE;10000;16343559168;326;7300;573000
Kepler-344 b;CONFIRMED;10000;21964015616;257;6430;577400
Kepler-344 c;CONFIRMED;8990;125602324480;289;3600;577400
Kepler-85 c;CONFIRMED;10000;12513532928;188;7060;543500
Kepler-85 d;CONFIRMED;8890;17913421824;139;6260;543500
Kepler-85 e;CONFIRMED;9980;25214914560;119;5590;543500
Kepler-236 b;CONFIRMED;9950;8295617536;182;4690;374700
NULL;CANDIDATE;9510;5425868800;148;9730;559400
NULL;CANDIDATE;10000;19585611776;309;6660;561800
Kepler-325 b;CONFIRMED;10000;4544436224;300;10170;544500
Kepler-325 c;CONFIRMED;9740;12762205184;318;7210;544500
Kepler-325 d;CONFIRMED;9990;38714961920;262;4980;544500
Kepler-968 b;CONFIRMED;10000;3692986112;174;7450;440200
Kepler-433 b;CONFIRMED;10000;5334082560;1308;14950;633200
Kepler-1005 b;CONFIRMED;10000;6498014720;187;10260;572700
Kepler-1006 b;CONFIRMED;9750;19761692672;281;7910;632700
Kepler-1007 b;CONFIRMED;10000;5184989696;115;6520;432500
NULL;CANDIDATE;9560;85654249472;356;5220;581800
Kepler-1030 b;CONFIRMED;10000;19329456128;226;5290;502600
NULL;CANDIDATE;9910;17791086592;288;8300;585500
Kepler-1032 b;CONFIRMED;10000;3290114048;149;8020;448400
Kepler-424 b;CONFIRMED;10000;3311864064;906;11160;546100
NULL;CANDIDATE;9940;63073222656;1780;10770;623400
Kepler-119 b;CONFIRMED;10000;2422084096;355;12130;559800
NULL;CANDIDATE;9830;78546108416;355;5010;580800
Kepler-1068 b;CONFIRMED;10000;16923421696;340;7020;578600
Kepler-354 b;CONFIRMED;10000;5476658176;201;7410;465000
Kepler-326 c;CONFIRMED;10000;4580346368;138;8890;510300
Kepler-326 b;CONFIRMED;10000;2248288256;125;11270;510300
Kepler-326 d;CONFIRMED;10000;6766907392;131;7810;510300
Kepler-969 b;CONFIRMED;10000;34173214720;237;4650;520100
Kepler-970 b;CONFIRMED;10000;16736475136;273;4640;433400
Kepler-1008 b;CONFIRMED;9840;12439293952;130;6270;498700
Kepler-332 b;CONFIRMED;10000;7626354688;121;7030;495500
NULL;CANDIDATE;10000;8710441984;361;7600;541600
Kepler-1009 b;CONFIRMED;10000;11350106112;175;4030;359700
NULL;CANDIDATE;10000;109445062656;304;3400;540300
Kepler-1033 b;CONFIRMED;9980;7560522240;240;9140;589500
Kepler-1034 b;CONFIRMED;10000;12124017664;237;6750;509400
Kepler-345 c;CONFIRMED;10000;9387406336;169;5750;450000
Kepler-345 b;CONFIRMED;10000;7415564800;79;6220;450000
Kepler-354 d;CONFIRMED;4000;24210196480;150;4510;465000
Kepler-1069 b;CONFIRMED;10000;23899006976;326;8230;551100
Kepler-1070 b;CONFIRMED;10000;6221611008;159;11010;627700
Kepler-1071 b;CONFIRMED;10000;6179984896;212;8140;514900
Kepler-1072 b;CONFIRMED;10000;1569066624;168;18490;582100
Kepler-971 b;CONFIRMED;10000;9590685696;393;10870;547600
Kepler-972 b;CONFIRMED;10000;7039329280;467;10600;584600
Kepler-973 b;CONFIRMED;9780;49607577600;212;4020;518700
NULL;CANDIDATE;10000;16841833472;308;6990;560200
Kepler-74 b;CONFIRMED;9980;7340715008;1431;11550;605600
Kepler-333 b;CONFIRMED;10000;12551110656;134;4800;421300
Kepler-493 b;CONFIRMED;10000;3003879424;1096;14380;631100
Kepler-333 c;CONFIRMED;10000;24088418304;116;3860;421300
Kepler-334 c;CONFIRMED;9990;12758000640;149;8220;578200
Kepler-334 b;CONFIRMED;10000;5470333952;115;10900;578200
Kepler-346 b;CONFIRMED;10000;6511123968;309;10080;603200
Kepler-346 c;CONFIRMED;10000;23851632640;337;6540;603200
Kepler-1035 b;CONFIRMED;9980;2714078464;138;13010;581500
Kepler-1036 b;CONFIRMED;10000;122879950848;270;3260;541300
NULL;CANDIDATE;10000;4887531008;245;10030;556800
Kepler-1076 b;CONFIRMED;9940;6147283456;79;7700;499700
NULL;CANDIDATE;10000;2800111360;213;9560;478600
Kepler-1077 b;CONFIRMED;10000;34351134720;275;5760;609100
Kepler-495 b;CONFIRMED;10000;3413036288;662;12000;539200
Kepler-1078 b;CONFIRMED;10000;3007250688;156;11220;566700
Kepler-974 b;CONFIRMED;10000;4194496768;157;5770;370600
NULL;CANDIDATE;9740;6355856896;86;5030;370600
Kepler-975 b;CONFIRMED;10000;1970340224;397;15990;488300
NULL;CANDIDATE;10000;5058213376;1069;11680;488300
Kepler-977 b;CONFIRMED;10000;26853236736;265;5440;532900
Kepler-334 d;CONFIRMED;9870;25098508288;159;6560;578200
Kepler-1010 b;CONFIRMED;9950;34268573696;244;4770;508300
Kepler-1011 b;CONFIRMED;10000;5753215488;314;9200;544500
Kepler-1012 b;CONFIRMED;10000;5508606976;149;9340;544800
Kepler-1013 b;CONFIRMED;10000;18930550784;441;7660;501500
NULL;CANDIDATE;9910;22064019456;267;7120;623200
NULL;CANDIDATE;10000;5756244992;224;7730;493100
Kepler-1038 b;CONFIRMED;9930;148460175360;361;2850;515900
Kepler-1039 b;CONFIRMED;10000;934885376;321;20800;477700
Kepler-355 c;CONFIRMED;8620;25762684928;266;6330;573900
Kepler-355 b;CONFIRMED;9950;11031783424;145;8400;573900
Kepler-119 c;CONFIRMED;10000;4125119232;88;10160;559800
NULL;CANDIDATE;10000;4224642048;431;12790;634300
Kepler-356 c;CONFIRMED;9780;13121622016;199;9130;614000
Kepler-978 b;CONFIRMED;9990;49622065152;333;5460;593800
Kepler-979 b;CONFIRMED;10000;8088016384;294;7920;526900
Kepler-980 b;CONFIRMED;10000;11551038464;217;8450;590700
Kepler-981 b;CONFIRMED;10000;4469754880;226;11030;598800
Kepler-982 b;CONFIRMED;10000;15773828096;272;9550;628300
Kepler-335 b;CONFIRMED;10000;6562264576;307;12900;587800
Kepler-336 d;CONFIRMED;10000;20678764544;242;7490;586500
Kepler-117 c;CONFIRMED;9930;50790346752;1060;6120;616300
Kepler-336 c;CONFIRMED;10000;9599932416;208;9670;586500
Kepler-336 b;CONFIRMED;9330;2024820480;101;16250;586500
Kepler-1040 b;CONFIRMED;8610;201118318592;228;3000;564600
Kepler-1041 b;CONFIRMED;10000;24757766144;244;6440;610600
Kepler-347 b;CONFIRMED;10000;12798317568;288;9080;559200
Kepler-1042 b;CONFIRMED;10000;10132005888;167;5740;477700
Kepler-1043 b;CONFIRMED;10000;38505222144;245;5320;597400
Kepler-356 b;CONFIRMED;9830;4612673536;160;12940;614000
Kepler-1073 b;CONFIRMED;9990;8678902784;256;9050;550900
NULL;CANDIDATE;10000;39313571840;207;5400;606000
Kepler-1074 b;CONFIRMED;10000;5945655296;112;5680;397400
Kepler-1075 b;CONFIRMED;10000;1523730688;126;8180;374600
Kepler-491 b;CONFIRMED;9980;4225384448;900;11110;557400
Kepler-983 b;CONFIRMED;9970;60085383168;240;4850;602800
Kepler-984 b;CONFIRMED;9900;43034337280;250;4840;555000
NULL;CANDIDATE;9990;46299103232;433;5920;539600
NULL;CANDIDATE;8620;88644001792;251;3910;566100
NULL;CANDIDATE;9990;35011907584;297;6030;587200
Kepler-1014 b;CONFIRMED;10000;16570992640;203;6140;548300
Kepler-1015 b;CONFIRMED;10000;16004966400;371;10400;638400
Kepler-1016 b;CONFIRMED;10000;1954525952;238;15400;574100
Kepler-1017 b;CONFIRMED;10000;7234003968;178;8310;541100
Kepler-1044 b;CONFIRMED;10000;6774089728;250;10580;624600
Kepler-118 c;CONFIRMED;10000;20172023808;624;5640;506400
Kepler-1045 b;CONFIRMED;10000;26410442752;245;5120;544800
NULL;CANDIDATE;10000;8277457408;246;10880;512900
Kepler-1046 b;CONFIRMED;10000;14375046144;205;7860;593100
NULL;CANDIDATE;10000;6312191488;217;10960;632200
NULL;CANDIDATE;9970;147973914624;333;3290;557800
Kepler-1079 b;CONFIRMED;9750;13245034496;177;8870;563600
Kepler-1080 b;CONFIRMED;9370;77255073792;370;5480;656400
Kepler-1081 b;CONFIRMED;9000;3856906752;93;9720;527200
Kepler-985 b;CONFIRMED;10000;116331175936;326;3230;535400
Kepler-416 b;CONFIRMED;10000;6319435776;271;9860;567000
Kepler-416 c;CONFIRMED;10000;12209517568;261;7910;567000
NULL;CANDIDATE;10000;3076446976;161;12530;567000
NULL;CANDIDATE;9990;2119130112;135;20900;579900
Kepler-409 b;CONFIRMED;9990;68958445568;111;4020;545500
Kepler-117 b;CONFIRMED;10000;18795913216;739;8520;616300
NULL;CANDIDATE;9860;63038038016;259;4650;579800
Kepler-337 c;CONFIRMED;10000;9693150208;189;10170;568300
Kepler-1047 b;CONFIRMED;9990;56188645376;256;5030;570000
Kepler-1048 b;CONFIRMED;10000;6921014272;148;6190;446100
Kepler-1049 b;CONFIRMED;10000;3273447936;81;6250;375800
Kepler-1050 b;CONFIRMED;9990;15378900992;294;10390;581700
NULL;CANDIDATE;9990;134478520320;1052;4120;579100
NULL;CANDIDATE;9990;5007414272;880;11140;595700
Kepler-950 b;CONFIRMED;10000;98717933568;699;3600;580800
Kepler-951 b;CONFIRMED;9330;71525441536;576;3400;485500
NULL;CANDIDATE;10000;17504417792;356;8240;581500
Kepler-412 b;CONFIRMED;10000;1720861312;1325;16470;574200
Kepler-986 b;CONFIRMED;3590;56434995200;237;4650;553400
NULL;CANDIDATE;10000;33788803072;271;6110;620200
NULL;CANDIDATE;10000;3215109376;154;11550;554100
Kepler-337 b;CONFIRMED;9980;3292768000;139;14580;568300
Kepler-338 b;CONFIRMED;9990;13727102976;238;10050;595100
Kepler-338 c;CONFIRMED;9980;24311003136;230;8310;595100
Kepler-338 e;CONFIRMED;9960;9341459456;156;11430;595100
Kepler-339 b;CONFIRMED;10000;4977604608;175;10230;535300
Kepler-1050 c;CONFIRMED;9740;21128564736;288;9350;581700
Kepler-118 b;CONFIRMED;9920;7518545408;142;7840;506400
NULL;CANDIDATE;9360;86749077504;223;3980;557900
Kepler-1051 b;CONFIRMED;8790;25961900032;325;8500;636900
Kepler-952 b;CONFIRMED;9990;130354388992;770;3690;597000
Kepler-41 b;CONFIRMED;10000;1855557504;1005;14360;565700
NULL;CANDIDATE;10000;3261759744;801;12620;613100
Kepler-954 b;CONFIRMED;10000;16781757440;225;5450;492500
Kepler-987 b;CONFIRMED;10000;105303506944;318;3510;553400
Kepler-327 b;CONFIRMED;10000;2549562624;111;6820;371600
Kepler-327 d;CONFIRMED;10000;13969502208;204;3870;371600
Kepler-327 c;CONFIRMED;10000;5212301824;104;5370;371600
Kepler-988 b;CONFIRMED;10000;17760765952;193;3680;382600
Kepler-339 d;CONFIRMED;9820;10558404608;141;7960;535300
Kepler-339 c;CONFIRMED;9670;6988009472;139;9140;535300
Kepler-309 c;CONFIRMED;7380;105358229504;187;2040;388300
Kepler-340 c;CONFIRMED;9440;22824513536;336;9460;664200
Kepler-1018 b;CONFIRMED;9990;49101111296;328;4980;539300
Kepler-348 b;CONFIRMED;9890;7056751616;168;11960;638800
Kepler-1052 b;CONFIRMED;9960;34853691392;240;5220;581800
Kepler-1053 b;CONFIRMED;10000;2414348800;97;9530;450700
NULL;CANDIDATE;9980;2466071040;2430;12600;570800
Kepler-1054 b;CONFIRMED;10000;4306564096;195;11770;610800
Kepler-447 b;CONFIRMED;10000;7794301952;1651;8820;549400
Kepler-955 b;CONFIRMED;10000;14532448256;311;6640;534500
Kepler-956 b;CONFIRMED;10000;5248667648;284;10560;580700
Kepler-989 b;CONFIRMED;10000;7964315136;244;8050;518500
NULL;CANDIDATE;9980;92729720832;281;2760;458000
Kepler-17 b;CONFIRMED;10000;1485710976;1448;15620;562400
NULL;CANDIDATE;10000;30523146240;1126;5060;551800
Kepler-328 c;CONFIRMED;9890;71311663104;494;4750;619400
NULL;CANDIDATE;10000;28782708736;211;4430;477400
Kepler-1019 b;CONFIRMED;9720;1411230080;171;11640;457500
Kepler-1020 b;CONFIRMED;10000;96915169280;237;3250;516200
Kepler-1021 b;CONFIRMED;10000;13474726912;196;6340;539500
Kepler-1055 b;CONFIRMED;10000;2295035136;118;13040;563700
Kepler-1056 b;CONFIRMED;10000;27495634944;211;5900;565700
Kepler-1057 b;CONFIRMED;10000;14088264704;266;7240;585300
Kepler-71 b;CONFIRMED;9990;3905081600;1278;10460;554300
Kepler-1058 b;CONFIRMED;9960;110964367360;211;2390;444100
NULL;CANDIDATE;10000;4539297280;234;8300;491400
Kepler-319 c;CONFIRMED;10000;6941358080;296;8760;552700
Kepler-489 b;CONFIRMED;9900;17276297216;731;5380;494100
Kepler-319 d;CONFIRMED;10000;31782111232;208;5280;552700
Kepler-319 b;CONFIRMED;10000;4362732544;176;10230;552700
Kepler-329 c;CONFIRMED;10000;18684837888;193;4020;415600
Kepler-329 b;CONFIRMED;10000;7416347136;124;5470;415600
Kepler-990 b;CONFIRMED;10000;9917242368;285;9030;553900
Kepler-991 b;CONFIRMED;8540;82534121472;245;2600;431600
Kepler-992 b;CONFIRMED;10000;20160378880;175;5100;497500
Kepler-1022 b;CONFIRMED;10000;10994708480;171;5120;430200
NULL;CANDIDATE;9980;124035899392;1113;4130;582200
NULL;CANDIDATE;10000;10849694720;267;6760;525100
NULL;CANDIDATE;10000;12184200192;259;8190;577100
Kepler-1059 b;CONFIRMED;10000;3764170240;170;9080;506300
Kepler-349 b;CONFIRMED;10000;5929722368;192;9720;574100
Kepler-349 c;CONFIRMED;10000;12247612416;190;7630;574100
NULL;CANDIDATE;9990;13590515712;240;7240;544200
Kepler-1060 b;CONFIRMED;9900;46877671424;262;4840;550400
NULL;CANDIDATE;9720;89193570304;381;4830;607100
Kepler-321 c;CONFIRMED;3710;13093909504;220;7520;577200
Kepler-321 b;CONFIRMED;4040;4915385344;146;10420;577200
Kepler-958 b;CONFIRMED;10000;9767859200;254;7490;537100
NULL;CANDIDATE;10000;40809574400;344;6230;618300
Kepler-993 b;CONFIRMED;10000;22085515264;334;3520;382800
Kepler-994 b;CONFIRMED;10000;1151166720;128;9570;395100
Kepler-44 b;CONFIRMED;10000;3246732032;1240;14590;576300
Kepler-1023 b;CONFIRMED;9920;62138597376;514;5240;512300
NULL;CANDIDATE;10000;8294828032;276;8760;577300
Kepler-350 c;CONFIRMED;10000;17848508416;329;8880;618800
Kepler-350 d;CONFIRMED;9980;26136344576;280;7820;618800
Kepler-350 b;CONFIRMED;9960;11189570560;181;10370;618800
Kepler-1061 b;CONFIRMED;10000;2757977344;169;13320;591900
Kepler-959 b;CONFIRMED;10000;14800750592;1738;19120;632700
Kepler-960 b;CONFIRMED;10000;3126861312;512;13910;485400
NULL;CANDIDATE;10000;10240611328;390;6560;522700
Kepler-961 b;CONFIRMED;10000;16877257728;254;6420;549700
Kepler-962 b;CONFIRMED;10000;12057056256;196;6890;536500
Kepler-995 b;CONFIRMED;10000;28267274240;293;5170;513200
Kepler-996 b;CONFIRMED;10000;3770590720;213;12720;571400
Kepler-997 b;CONFIRMED;9990;2707306496;136;17090;604500
NULL;CANDIDATE;9890;4775021056;173;9260;527500
Kepler-1024 b;CONFIRMED;8940;66415980544;344;3760;538300
Kepler-341 c;CONFIRMED;9970;8010393088;188;9400;561600
NULL;CANDIDATE;10000;5695902208;661;10430;610600
Kepler-341 d;CONFIRMED;9670;27666636800;204;6220;561600
Kepler-341 b;CONFIRMED;10000;5195593728;118;10850;561600
Kepler-351 c;CONFIRMED;9980;57248849920;319;4310;564200
Kepler-351 b;CONFIRMED;10000;37055172608;319;4980;564200
Kepler-352 c;CONFIRMED;10000;16332699648;161;5910;520800
Kepler-352 b;CONFIRMED;10000;10055502848;92;6940;520800
Kepler-1062 b;CONFIRMED;10000;9304138752;167;5830;445800
Kepler-322 c;CONFIRMED;10000;4337220096;163;9960;539000
Kepler-322 b;CONFIRMED;9730;1653889536;97;13730;539000
NULL;CANDIDATE;10000;150878322688;437;4230;550400
Kepler-323 c;CONFIRMED;10000;3553831168;162;12920;601500
Kepler-323 b;CONFIRMED;10000;1678326272;157;16590;601500
Kepler-998 b;CONFIRMED;10000;5653781504;182;10200;598800
Kepler-999 b;CONFIRMED;10000;5991858176;275;13550;615700
Kepler-1000 b;CONFIRMED;9780;120018354176;454;4730;646900
Kepler-1001 b;CONFIRMED;10000;14305175552;305;6930;574100
NULL;CANDIDATE;9760;9181891584;217;8040;574100
NULL;CANDIDATE;9920;2646227456;99;10820;516700
NULL;CANDIDATE;10000;2935362048;315;10220;492200
Kepler-1158 b;CONFIRMED;9990;13539535872;232;10790;610900
Kepler-1159 b;CONFIRMED;10000;22708238336;172;6770;617000
Kepler-1160 b;CONFIRMED;9960;7970339840;181;8390;577400
Kepler-1195 b;CONFIRMED;10000;8496404480;214;7020;509300
Kepler-1196 b;CONFIRMED;9980;66184364032;272;4360;564000
Kepler-1197 b;CONFIRMED;10000;2032318848;112;10110;467000
NULL;CANDIDATE;9970;3622755072;162;13040;579400
Kepler-1096 b;CONFIRMED;9980;2892216832;131;7940;422900
Kepler-1097 b;CONFIRMED;9960;187746598912;295;2670;530300
Kepler-1098 b;CONFIRMED;9990;2543063808;126;13190;557900
Kepler-121 b;CONFIRMED;10000;3177414656;265;9970;530300
Kepler-1099 b;CONFIRMED;10000;2168451072;241;15580;615300
Kepler-367 b;CONFIRMED;9990;37815414784;121;4010;485600
NULL;CANDIDATE;9730;6693328384;244;6090;424500
NULL;CANDIDATE;9930;33136285696;205;3570;424500
NULL;CANDIDATE;9930;7725136384;171;5810;424500
Kepler-1161 b;CONFIRMED;10000;10712535040;202;4850;417500
Kepler-1162 b;CONFIRMED;10000;32563525632;205;4900;522500
NULL;CANDIDATE;10000;12191404032;246;7630;551600
Kepler-1163 b;CONFIRMED;10000;6117849600;105;12110;622600
Kepler-1164 b;CONFIRMED;9970;3975996416;111;9360;514300
Kepler-1198 b;CONFIRMED;10000;7684785152;147;8300;534400
Kepler-1199 b;CONFIRMED;10000;15044709376;151;9310;579800
Kepler-1200 b;CONFIRMED;9990;1118547840;98;11740;449600
Kepler-1100 b;CONFIRMED;10000;6421999104;125;10000;598500
NULL;CANDIDATE;10000;9753740288;187;8130;580600
Kepler-1101 b;CONFIRMED;9790;81315307520;255;3930;532500
Kepler-1102 b;CONFIRMED;9980;51328352256;306;5460;611900
Kepler-1103 b;CONFIRMED;10000;19791939584;258;7360;628500
Kepler-368 b;CONFIRMED;9890;26847596544;320;8000;550800
Kepler-1132 b;CONFIRMED;10000;62891749376;250;3840;505200
Kepler-369 c;CONFIRMED;9980;14871497728;159;3910;382500
Kepler-369 b;CONFIRMED;9920;2732768000;142;6870;382500
Kepler-498 b;CONFIRMED;10000;9613753344;327;9310;599700
NULL;CANDIDATE;9620;29968590848;191;6440;624900
Kepler-1166 b;CONFIRMED;9990;33240799232;151;4860;538200
Kepler-1201 b;CONFIRMED;9910;15187270656;194;7890;613600
Kepler-1202 b;CONFIRMED;9990;28685320192;269;5470;572600
Kepler-1203 b;CONFIRMED;1500;588001024;99;11880;381400
Kepler-1204 b;CONFIRMED;9900;85735718912;294;4480;609600
Kepler-1205 b;CONFIRMED;10000;1078389760;198;16670;532500
Kepler-1104 b;CONFIRMED;9980;5037280256;155;13210;638700
Kepler-360 b;CONFIRMED;10000;3289726208;137;11160;546300
Kepler-360 c;CONFIRMED;10000;7186445824;219;8600;546300
Kepler-417 c;CONFIRMED;10000;15942484992;262;6160;537600
Kepler-121 c;CONFIRMED;10000;41008111616;264;4250;530300
Kepler-1133 b;CONFIRMED;9900;11555620864;211;7030;542000
NULL;CANDIDATE;10000;12288504832;322;9130;510900
Kepler-1134 b;CONFIRMED;9690;17132631040;231;6110;547700
Kepler-370 c;CONFIRMED;10000;19023136768;204;6470;556900
Kepler-370 b;CONFIRMED;10000;4579482112;135;10400;556900
Kepler-1167 b;CONFIRMED;10000;1003931712;160;14190;494900
Kepler-1168 b;CONFIRMED;9980;55822479360;213;3790;516200
Kepler-1169 b;CONFIRMED;9990;6110104576;93;11250;621300
Kepler-502 b;CONFIRMED;70;4286866176;414;12170;622800
NULL;CANDIDATE;10000;10273809408;168;7990;580600
Kepler-381 c;CONFIRMED;10000;13391551488;158;11800;619700
Kepler-381 b;CONFIRMED;10000;5629043712;139;15760;619700
NULL;CANDIDATE;10000;8256285696;149;13870;619700
Kepler-417 b;CONFIRMED;10000;12330878976;234;6710;537600
Kepler-1105 b;CONFIRMED;10000;4421566464;219;7290;429900
Kepler-67 b;CONFIRMED;9990;15725859840;269;6020;533200
Kepler-1106 b;CONFIRMED;10000;1252753920;244;21990;590700
NULL;CANDIDATE;10000;13360198656;184;5200;450000
Kepler-1135 b;CONFIRMED;9780;76957057024;209;4510;587800
NULL;CANDIDATE;10000;14979743744;379;6200;506200
NULL;CANDIDATE;9750;33358598144;444;4590;500900
NULL;CANDIDATE;10000;8847842304;115;4790;386700
Kepler-1170 b;CONFIRMED;9990;9989702656;248;7050;526500
Kepler-499 b;CONFIRMED;10000;5632525312;204;8440;521600
Kepler-1171 b;CONFIRMED;10000;1442592256;267;27000;721600
Kepler-376 c;CONFIRMED;9970;14172228608;239;8730;584500
Kepler-376 b;CONFIRMED;9910;4920310784;118;12420;584500
NULL;CANDIDATE;9730;56493170688;443;6810;616000
Kepler-124 c;CONFIRMED;10000;13821420544;220;5600;498300
NULL;CANDIDATE;10000;5783870464;207;10510;606300
Kepler-1208 b;CONFIRMED;9970;11085076480;250;6650;508000
Kepler-1107 b;CONFIRMED;10000;571038336;165;18970;513200
NULL;CANDIDATE;10000;8774257664;175;7710;514600
Kepler-1109 b;CONFIRMED;10000;37646852096;537;7870;544300
NULL;CANDIDATE;10000;29455783936;219;5980;603600
Kepler-122 c;CONFIRMED;10000;12466003968;565;8970;603800
Kepler-1136 b;CONFIRMED;10000;2361724416;153;9220;447800
Kepler-371 b;CONFIRMED;9910;34763055104;175;5540;567000
Kepler-372 c;CONFIRMED;9980;20054528000;263;7550;605600
Kepler-1138 b;CONFIRMED;10000;3170597376;169;10800;543100
Kepler-377 c;CONFIRMED;10000;27014262784;200;6770;594900
Kepler-377 b;CONFIRMED;9980;12509458432;154;8750;594900
Kepler-1172 b;CONFIRMED;10000;26020333568;453;6750;562400
Kepler-1173 b;CONFIRMED;9950;769854912;93;16500;517300
Kepler-1174 b;CONFIRMED;10000;6892263424;213;11560;586200
Kepler-1210 b;CONFIRMED;9990;8071270400;153;8560;576600
Kepler-1211 b;CONFIRMED;10000;11018191872;264;8400;607500
Kepler-124 d;CONFIRMED;9820;30950592512;151;4280;498300
NULL;CANDIDATE;9840;78732705792;776;7610;671500
NULL;CANDIDATE;9920;42337579008;145;3110;413200
NULL;CANDIDATE;10000;23359358976;298;6840;624400
Kepler-1110 b;CONFIRMED;10000;9693108224;212;6090;481800
Kepler-1139 b;CONFIRMED;10000;813166336;114;16930;523700
NULL;CANDIDATE;9890;10860623872;209;11080;645500
Kepler-1140 b;CONFIRMED;10000;24086321152;278;5000;497300
NULL;CANDIDATE;9990;1834277248;164;14590;575100
Kepler-1175 b;CONFIRMED;10000;37945614336;279;5150;586100
Kepler-1176 b;CONFIRMED;10000;24173824000;221;5950;546800
NULL;CANDIDATE;10000;5186737152;240;8600;523000
NULL;CANDIDATE;10000;1151244672;4032;17560;608600
Kepler-1206 b;CONFIRMED;10000;1217000320;158;13140;485900
Kepler-1207 b;CONFIRMED;9970;13682379776;143;8020;610200
NULL;CANDIDATE;9990;2420882688;227;16160;558300
Kepler-1111 b;CONFIRMED;10000;8796184576;177;9380;614200
NULL;CANDIDATE;10000;16855925760;170;4080;396700
Kepler-1112 b;CONFIRMED;10000;14362704896;231;9180;664300
NULL;CANDIDATE;9990;69895675904;304;4420;539000
Kepler-91 b;CONFIRMED;590;6246675456;1493;19020;460400
Kepler-1141 b;CONFIRMED;10000;2344512512;97;14710;582100
Kepler-122 b;CONFIRMED;10000;5766165504;227;11590;603800
Kepler-1142 b;CONFIRMED;9880;18302724096;272;9020;552800
Kepler-1143 b;CONFIRMED;9990;2888904448;168;9760;489500
Kepler-1144 b;CONFIRMED;10000;17146487808;364;8110;555900
Kepler-378 b;CONFIRMED;1990;16092274688;98;5030;465700
NULL;CANDIDATE;9970;38103908352;408;4560;525000
Kepler-379 c;CONFIRMED;9440;62784397312;228;5300;605300
NULL;CANDIDATE;9700;91500871680;182;3100;505100
NULL;CANDIDATE;9850;44299350016;268;4630;531600
NULL;CANDIDATE;9990;3138776576;97;10220;524200
Kepler-430 b;CONFIRMED;9980;35968270336;295;6740;588300
Kepler-1209 b;CONFIRMED;9980;25369085952;167;7550;612600
NULL;CANDIDATE;9990;6892132352;135;11770;616400
Kepler-1113 b;CONFIRMED;9120;42300628992;254;5580;585200
Kepler-361 c;CONFIRMED;9790;55186620416;247;5680;617800
Kepler-1114 b;CONFIRMED;9970;14974362624;128;6310;531100
Kepler-1145 b;CONFIRMED;10000;3970766080;160;9580;517800
Kepler-1146 b;CONFIRMED;9940;2352273920;129;10190;481600
NULL;CANDIDATE;10000;23340361728;221;6010;553000
NULL;CANDIDATE;10000;37803413504;295;4600;532900
NULL;CANDIDATE;10000;15033664512;170;6690;552300
NULL;CANDIDATE;9700;131485188096;303;4000;576500
NULL;CANDIDATE;9610;16290852864;52;6220;542500
Kepler-1177 b;CONFIRMED;9900;106247880704;201;3770;567900
Kepler-500 b;CONFIRMED;10000;8508333056;260;9090;576700
Kepler-1212 b;CONFIRMED;9960;12941235200;170;7950;611900
Kepler-1213 b;CONFIRMED;9970;5349791232;129;11560;607400
NULL;CANDIDATE;9900;147281215488;228;3530;570800
Kepler-382 b;CONFIRMED;9940;5262118400;195;11660;558700
Kepler-382 c;CONFIRMED;9980;12162819072;314;8820;558700
Kepler-1115 b;CONFIRMED;9950;23554101248;233;13810;956500
Kepler-1116 b;CONFIRMED;10000;41697759232;226;4880;573000
Kepler-1117 b;CONFIRMED;9990;4790295040;101;9380;541200
Kepler-1118 b;CONFIRMED;9910;38671585280;245;5020;543200
Kepler-1119 b;CONFIRMED;10000;8326518784;180;9380;605700
Kepler-373 b;CONFIRMED;10000;5535331328;175;10540;558800
Kepler-373 c;CONFIRMED;9830;16726197248;156;7290;558800
Kepler-122 d;CONFIRMED;10000;21587527680;218;7470;603800
NULL;CANDIDATE;9950;3757294592;123;8770;490100
Kepler-374 c;CONFIRMED;10000;3282802432;179;14670;564000
NULL;CANDIDATE;10000;4644951552;138;12090;604700
NULL;CANDIDATE;9000;16667141120;70;4690;472900
NULL;CANDIDATE;10000;16486866944;2745;7600;609000
Kepler-1179 b;CONFIRMED;9920;2685054464;146;11370;526600
Kepler-1180 b;CONFIRMED;9820;16860080128;171;7650;620500
Kepler-1082 b;CONFIRMED;10000;1543205376;123;18270;586600
Kepler-357 d;CONFIRMED;9930;49500471296;249;4020;495400
Kepler-357 b;CONFIRMED;10000;6475390976;192;7930;495400
Kepler-357 c;CONFIRMED;9990;16858256384;251;5760;495400
Kepler-1120 b;CONFIRMED;10000;2949029120;148;10270;498300
Kepler-362 c;CONFIRMED;10000;37865897984;201;5430;575700
Kepler-496 b;CONFIRMED;10000;8308653056;242;7470;502200
Kepler-363 d;CONFIRMED;10000;11932053504;183;9050;571100
Kepler-363 c;CONFIRMED;10000;7542358528;159;10540;571100
Kepler-374 d;CONFIRMED;9950;5028182528;203;12720;564000
Kepler-374 b;CONFIRMED;10000;1897828864;173;17610;564000
Kepler-1147 b;CONFIRMED;9950;10627887104;187;8720;608200
NULL;CANDIDATE;9870;34135676928;1398;15260;781800
Kepler-1148 b;CONFIRMED;10000;1104462464;160;13970;500200
Kepler-1181 b;CONFIRMED;10000;4893364736;160;13740;668800
Kepler-1182 b;CONFIRMED;9990;11173920768;164;7960;591100
NULL;CANDIDATE;9950;31032598528;264;5610;584100
NULL;CANDIDATE;10000;4150297088;303;9810;529000
NULL;CANDIDATE;10000;5896619520;128;10000;539200
Kepler-1083 b;CONFIRMED;10000;33417818112;313;4480;513600
Kepler-1084 b;CONFIRMED;9990;2053341952;144;17370;608400
NULL;CANDIDATE;9920;56776982528;321;4910;606300
Kepler-1086 b;CONFIRMED;10000;18784292864;214;4330;424300
Kepler-363 b;CONFIRMED;7490;3614602752;114;13470;571100
Kepler-1121 b;CONFIRMED;9890;13151401984;187;10080;615400
NULL;CANDIDATE;9990;18508451840;2933;6830;594200
Kepler-1122 b;CONFIRMED;9990;42191835136;235;5260;552000
Kepler-1149 b;CONFIRMED;9990;3730900224;148;11280;570900
Kepler-1150 b;CONFIRMED;9980;2787874048;233;14320;482700
Kepler-122 e;CONFIRMED;10000;37996236800;239;6180;603800
NULL;CANDIDATE;10000;8463543808;251;8050;542700
Kepler-123 b;CONFIRMED;10000;17232328704;279;8170;608600
Kepler-1183 b;CONFIRMED;10000;28505720832;255;5550;571200
Kepler-1184 b;CONFIRMED;9710;53599145984;249;5290;631900
NULL;CANDIDATE;10000;16458185728;182;6440;547500
Kepler-1087 b;CONFIRMED;9970;693842688;83;21610;545700
Kepler-358 c;CONFIRMED;5260;83488743424;295;4110;591000
Kepler-358 b;CONFIRMED;10000;34060767232;296;5540;591000
NULL;CANDIDATE;8810;6214149632;427;15060;529500
NULL;CANDIDATE;9970;31588898816;259;6820;586600
Kepler-364 c;CONFIRMED;8590;59980988416;281;5680;610300
Kepler-364 b;CONFIRMED;9950;25745795072;173;7530;610300
NULL;CANDIDATE;10000;11929793536;243;7700;583100
Kepler-1123 b;CONFIRMED;10000;4339457024;211;10610;533000
Kepler-1124 b;CONFIRMED;10000;2852348160;166;6210;373100
Kepler-1151 b;CONFIRMED;4850;65648091136;393;4850;556500
NULL;CANDIDATE;10000;14833409024;254;6940;557000
NULL;CANDIDATE;10000;101132345344;387;3800;549200
Kepler-1186 b;CONFIRMED;10000;16076731392;214;7240;595700
Kepler-1187 b;CONFIRMED;10000;18870587392;267;7010;610300
NULL;CANDIDATE;9940;22133422080;176;5070;516500
Kepler-1188 b;CONFIRMED;10000;17136941056;205;7750;621800
Kepler-123 c;CONFIRMED;9930;26695194624;140;7060;608600
NULL;CANDIDATE;10000;7720850432;253;10210;588700
Kepler-120 b;CONFIRMED;10000;6312508416;200;5750;409000
NULL;CANDIDATE;10000;4195773952;302;10470;522900
Kepler-60 b;CONFIRMED;9830;7132947456;164;11020;586200
Kepler-60 c;CONFIRMED;9720;8919012352;184;10230;586200
NULL;CANDIDATE;9440;4562040832;282;15330;534300
NULL;CANDIDATE;8980;7596699648;132;9640;571600
Kepler-1125 b;CONFIRMED;10000;17670029312;289;7780;579500
Kepler-1126 b;CONFIRMED;10000;108593111040;168;3740;567800
Kepler-375 c;CONFIRMED;10000;19986591744;422;7200;550000
Kepler-375 b;CONFIRMED;9590;12125806592;250;8510;550000
NULL;CANDIDATE;9940;76421505024;281;4550;556100
Kepler-122 f;CONFIRMED;10000;56259088384;222;5430;603800
Kepler-1152 b;CONFIRMED;9970;1646801664;86;8060;381000
Kepler-1189 b;CONFIRMED;9960;3788618240;123;11580;556000
Kepler-1190 b;CONFIRMED;10000;10458398720;125;6090;464100
NULL;CANDIDATE;9980;21103300608;156;7180;600000
NULL;CANDIDATE;9900;95611461632;237;4210;600200
NULL;CANDIDATE;10000;1204686592;155;17110;578000
Kepler-60 d;CONFIRMED;9510;11898494976;169;9290;586200
Kepler-1088 b;CONFIRMED;9970;23127416832;144;6670;586500
Kepler-1089 b;CONFIRMED;10000;5132486144;169;5840;387900
NULL;CANDIDATE;10000;8779973632;212;7130;519100
Kepler-365 b;CONFIRMED;9950;10664895488;176;8650;601400
Kepler-1127 b;CONFIRMED;10000;5123320320;165;9940;536400
Kepler-497 b;CONFIRMED;10000;3573202688;581;12100;564600
Kepler-1128 b;CONFIRMED;9970;61617451008;336;4240;548000
Kepler-1129 b;CONFIRMED;10000;24339820544;509;7370;559600
Kepler-1153 b;CONFIRMED;9990;1755843584;194;13430;556900
Kepler-1154 b;CONFIRMED;10000;5185601024;234;13140;617200
Kepler-1155 b;CONFIRMED;10000;33469857792;245;6090;591200
Kepler-1156 b;CONFIRMED;10000;11895204864;133;7870;564900
NULL;CANDIDATE;10000;1025857984;157;15200;512300
Kepler-1191 b;CONFIRMED;10000;5600133120;173;9520;528800
Kepler-1192 b;CONFIRMED;4070;25203412992;242;6000;583100
NULL;CANDIDATE;9490;1615357824;137;8060;382100
Kepler-501 b;CONFIRMED;10000;5640676864;459;11250;579400
Kepler-359 b;CONFIRMED;10000;25563863040;400;6710;622800
NULL;CANDIDATE;9990;6783413248;2075;26280;509600
Kepler-120 c;CONFIRMED;10000;12794547200;160;4550;409000
NULL;CANDIDATE;9740;42426966016;344;4960;533000
Kepler-1091 b;CONFIRMED;9980;1434745088;150;16640;580600
Kepler-366 b;CONFIRMED;9930;3281920512;160;13260;585900
Kepler-366 c;CONFIRMED;10000;12516105216;187;8480;585900
Kepler-1130 b;CONFIRMED;8970;5452987392;92;9040;545000
NULL;CANDIDATE;9610;3266627328;68;10720;545000
Kepler-1157 b;CONFIRMED;10000;4457432576;79;7320;448700
NULL;CANDIDATE;8950;2818147072;130;10590;516700
NULL;CANDIDATE;9900;761962496;108;16380;516700
Kepler-1193 b;CONFIRMED;9890;2832647168;137;14530;586500
NULL;CANDIDATE;9940;3700632576;124;13290;542300
Kepler-380 b;CONFIRMED;9700;3930840064;120;13170;603800
Kepler-380 c;CONFIRMED;9950;7630082048;139;10560;603800
Kepler-1194 b;CONFIRMED;9930;16223784960;151;6760;554700
NULL;CANDIDATE;9910;9762932736;194;7030;505200
Kepler-1092 b;CONFIRMED;9190;58601926656;206;5080;625000
Kepler-1093 b;CONFIRMED;8160;25082339328;226;7760;642900
Kepler-1094 b;CONFIRMED;9950;78099890176;337;4800;577900
Kepler-1095 b;CONFIRMED;9800;4271037184;122;11080;598400
NULL;CANDIDATE;6490;4272264192;64;9810;545000
NULL;CANDIDATE;9930;2192518912;37;12250;545000
Kepler-1131 b;CONFIRMED;9960;3532324352;143;11590;576100
NULL;CANDIDATE;10000;10440873984;341;8290;573800
NULL;CANDIDATE;5820;39755763712;1372;3250;440500
NULL;CANDIDATE;9880;10271275008;94;5100;440500
Kepler-1276 b;CONFIRMED;9910;12572290048;109;8860;608400
Kepler-1277 b;CONFIRMED;9830;40836632576;150;4960;552900
NULL;CANDIDATE;9930;20618035200;157;3590;375700
Kepler-1299 b;CONFIRMED;9520;19940120576;242;5880;562300
Kepler-1300 b;CONFIRMED;9910;22242002944;204;9540;597900
NULL;CANDIDATE;9570;3881483776;59;11560;585400
Kepler-1228 b;CONFIRMED;10000;577369344;142;17570;525500
Kepler-25 c;CONFIRMED;10000;12720370688;475;9340;626700
NULL;CANDIDATE;10000;11964073984;321;8080;590300
Kepler-1253 b;CONFIRMED;9390;68886102016;147;5010;575300
Kepler-1254 b;CONFIRMED;9980;9991152640;168;6600;483800
NULL;CANDIDATE;10000;4267961344;142;13710;639500
Kepler-1255 b;CONFIRMED;9870;36292018176;310;6940;584300
Kepler-26 c;CONFIRMED;10000;17251213312;264;3850;387900
NULL;CANDIDATE;10000;9309918208;121;9130;580600
NULL;CANDIDATE;9990;18120939520;168;5430;490500
Kepler-1278 b;CONFIRMED;10000;3239417856;77;12130;607500
NULL;CANDIDATE;9930;3988649984;115;12330;569200
NULL;CANDIDATE;9700;2524017408;150;12030;542000
NULL;CANDIDATE;6510;25112336384;222;6910;613300
NULL;CANDIDATE;10000;3555579136;84;12700;583900
Kepler-383 c;CONFIRMED;10000;31201220608;147;4060;451300
Kepler-384 b;CONFIRMED;9720;22596825088;130;6700;561000
Kepler-384 c;CONFIRMED;9730;45348638720;161;5310;561000
NULL;CANDIDATE;10000;5254195712;212;10930;612300
NULL;CANDIDATE;10000;5906088960;177;10120;596600
NULL;CANDIDATE;10000;13815044096;191;3910;373200
Kepler-1256 b;CONFIRMED;9740;12412852224;150;9330;594500
NULL;CANDIDATE;9990;3924530176;182;10740;577600
NULL;CANDIDATE;10000;11606531072;188;5840;470300
Kepler-1257 b;CONFIRMED;10000;2668312832;148;12520;580600
Kepler-1279 b;CONFIRMED;9930;23477256192;134;7380;638400
Kepler-1280 b;CONFIRMED;9560;66557673472;496;7570;573400
Kepler-45 b;CONFIRMED;9990;2455240704;1060;7300;379300
Kepler-1301 b;CONFIRMED;9180;9082334208;135;7340;535400
NULL;CANDIDATE;10000;47705255936;289;3470;455100
Kepler-25 b;CONFIRMED;10000;6238535680;253;11850;626700
Kepler-1229 b;CONFIRMED;9370;86829522944;168;1960;357600
Kepler-1230 b;CONFIRMED;9980;9956670464;341;9460;616500
Kepler-1231 b;CONFIRMED;9960;10417287168;164;8700;555700
Kepler-1259 b;CONFIRMED;10000;663085376;160;16810;517200
Kepler-1260 b;CONFIRMED;10000;19118741504;233;8230;586200
Kepler-26 d;CONFIRMED;10000;3543919616;121;6520;387900
NULL;CANDIDATE;4270;8281570816;137;9560;564000
NULL;CANDIDATE;10000;826284416;96;16290;521800
NULL;CANDIDATE;10000;6377053184;215;9350;567200
Kepler-1302 b;CONFIRMED;9990;8839294976;194;7780;533000
Kepler-1303 b;CONFIRMED;9920;7561261568;120;8910;585300
Kepler-395 c;CONFIRMED;9850;34989785088;114;2920;376500
Kepler-395 b;CONFIRMED;9830;7054295040;100;4970;376500
NULL;CANDIDATE;9110;2270501120;55;9030;467100
Kepler-1232 b;CONFIRMED;10000;26783893504;159;5230;524200
Kepler-1233 b;CONFIRMED;10000;45126217728;232;6040;649900
Kepler-1234 b;CONFIRMED;9860;11940191232;186;6250;507300
Kepler-390 b;CONFIRMED;9220;6738086912;73;7860;516800
NULL;CANDIDATE;10000;1347512576;2345;13460;531600
NULL;CANDIDATE;10000;18555815936;2083;17930;598800
NULL;CANDIDATE;10000;13330949120;2595;8150;599100
Kepler-505 b;CONFIRMED;10000;27521947648;247;3140;378000
Kepler-1304 b;CONFIRMED;10000;16128967680;294;7150;539200
Kepler-1305 b;CONFIRMED;9780;13563115520;175;7330;585300
Kepler-1306 b;CONFIRMED;8940;16295991296;183;6780;549500
Kepler-1235 b;CONFIRMED;9860;4160566528;70;9850;548100
Kepler-37 d;CONFIRMED;9970;39792201728;190;4580;543700
NULL;CANDIDATE;10000;14820059136;96;5520;482500
NULL;CANDIDATE;9600;20490409984;234;6250;568100
Kepler-1262 b;CONFIRMED;10000;8679036928;179;9490;611700
NULL;CANDIDATE;10000;11129697280;193;8430;612200
NULL;CANDIDATE;9990;2729603584;153;14550;588700
Kepler-1281 b;CONFIRMED;10000;3116041984;159;11230;559100
NULL;CANDIDATE;10000;12737236992;87;6970;542000
NULL;CANDIDATE;9840;40030625792;201;6170;585500
Kepler-1310 b;CONFIRMED;10000;679336768;140;18830;544000
Kepler-396 c;CONFIRMED;8200;88512200704;470;3900;559300
Kepler-1236 b;CONFIRMED;10000;31057295360;185;4800;539500
Kepler-385 c;CONFIRMED;9820;15162228736;312;8290;632500
Kepler-385 b;CONFIRMED;10000;10043783168;294;9510;632500
Kepler-1263 b;CONFIRMED;9760;4551398912;113;9070;500900
Kepler-49 c;CONFIRMED;10000;10912740352;213;4430;383400
NULL;CANDIDATE;9980;3032671232;60;11870;564000
Kepler-392 b;CONFIRMED;9890;5341824512;95;11250;576700
Kepler-1282 b;CONFIRMED;10000;2131945088;166;14180;584500
Kepler-1283 b;CONFIRMED;9990;12946256896;113;7640;605800
NULL;CANDIDATE;10000;5779571200;150;5980;410200
NULL;CANDIDATE;9900;6773679104;133;10830;639200
NULL;CANDIDATE;10000;5224024576;58;9410;548700
NULL;CANDIDATE;9950;11660167168;208;8340;579100
Kepler-1307 b;CONFIRMED;10000;18016122880;239;7680;624500
NULL;CANDIDATE;10000;6802434560;260;8950;583600
Kepler-1237 b;CONFIRMED;9820;84573331456;259;3660;541800
Kepler-37 c;CONFIRMED;10000;21301819392;72;5640;543700
Kepler-1238 b;CONFIRMED;9870;4147890432;193;13890;615000
NULL;CANDIDATE;10000;15921081344;314;6450;559500
NULL;CANDIDATE;10000;19005409280;2847;7580;634700
NULL;CANDIDATE;9920;2810432256;143;17010;541500
Kepler-1264 b;CONFIRMED;9800;968527680;121;16770;558000
NULL;CANDIDATE;9940;175603367936;287;3480;622500
NULL;CANDIDATE;10000;3849371648;1294;20340;624400
Kepler-125 b;CONFIRMED;10000;4164384512;254;5900;380800
Kepler-1308 b;CONFIRMED;10000;2104335360;79;6620;360500
Kepler-1309 b;CONFIRMED;9980;28843175936;266;4910;515100
NULL;CANDIDATE;9890;64034361344;347;4110;569100
Kepler-1239 b;CONFIRMED;10000;5191036928;192;11830;632100
Kepler-1240 b;CONFIRMED;9840;4866384896;132;11210;568800
Kepler-386 c;CONFIRMED;9990;25193398272;195;5130;500900
NULL;CANDIDATE;10000;4790912512;225;7170;435900
Kepler-1265 b;CONFIRMED;9650;6494414848;175;7320;476900
Kepler-49 d;CONFIRMED;10000;2576571136;157;7170;383400
Kepler-1266 b;CONFIRMED;10000;28475000832;264;4890;499600
Kepler-1285 b;CONFIRMED;10000;14796631040;98;8740;617500
Kepler-1286 b;CONFIRMED;9930;11254019072;242;8880;599500
Kepler-393 b;CONFIRMED;9930;9182442496;124;10520;619400
Kepler-393 c;CONFIRMED;9320;14613478400;112;9010;619400
Kepler-396 b;CONFIRMED;10000;42992328704;332;4960;559300
Kepler-506 b;CONFIRMED;10000;6883412992;263;10800;613900
NULL;CANDIDATE;9890;197511151616;952;3910;561600
Kepler-1311 b;CONFIRMED;9860;11172672512;150;10190;561600
Kepler-1311 c;CONFIRMED;9990;2535732736;136;16710;561600
Kepler-387 b;CONFIRMED;9960;6791646720;101;9940;577200
Kepler-387 c;CONFIRMED;9910;11837692928;100;8260;577200
Kepler-1241 b;CONFIRMED;9950;18552516608;253;6120;556900
NULL;CANDIDATE;9890;47365931008;1197;4810;570800
NULL;CANDIDATE;9430;4866340864;194;8810;499600
NULL;CANDIDATE;10000;5604023296;125;7740;484700
Kepler-1267 b;CONFIRMED;9980;13031358464;288;7740;551400
Kepler-1268 b;CONFIRMED;9510;40990498816;241;6270;584200
NULL;CANDIDATE;8330;57293230080;195;3550;480600
Kepler-394 b;CONFIRMED;9960;8005047296;152;10350;639800
Kepler-394 c;CONFIRMED;9690;12130704384;161;9010;639800
NULL;CANDIDATE;10000;29225437184;135;6140;604900
Kepler-1214 b;CONFIRMED;9420;18826287104;234;5910;521500
NULL;CANDIDATE;8930;13903406080;155;6460;526100
Kepler-124 b;CONFIRMED;10000;3410459904;106;8920;498300
Kepler-1215 b;CONFIRMED;8360;4767027712;119;10460;562900
Kepler-1242 b;CONFIRMED;10000;13628010496;328;6390;505200
NULL;CANDIDATE;10000;53358043136;341;4740;548100
Kepler-1243 b;CONFIRMED;9680;16832031744;186;6900;551800
NULL;CANDIDATE;9820;1385787776;55;10080;423900
NULL;CANDIDATE;9970;12022953984;328;7760;598200
Kepler-436 c;CONFIRMED;9820;16797162496;275;5030;465200
Kepler-49 e;CONFIRMED;9990;18596114432;153;3710;383400
Kepler-125 c;CONFIRMED;9970;5774403072;80;5290;380800
Kepler-1287 b;CONFIRMED;9930;11476852736;158;7960;555000
NULL;CANDIDATE;8840;73711042560;177;5630;637400
NULL;CANDIDATE;7420;14433482752;1625;5580;491500
NULL;CANDIDATE;9990;6357052928;159;9900;598200
Kepler-1216 b;CONFIRMED;9980;4370332160;156;11910;565700
NULL;CANDIDATE;10000;1530515200;84;6080;346200
Kepler-1244 b;CONFIRMED;9990;3704290048;145;18390;673200
Kepler-1269 b;CONFIRMED;9960;37333114880;250;6570;562300
NULL;CANDIDATE;9960;17699739648;196;5230;480700
NULL;CANDIDATE;9980;7970971648;227;7600;523700
Kepler-1270 b;CONFIRMED;9500;6033555456;334;15980;492400
Kepler-1271 b;CONFIRMED;9990;3025584896;162;14840;612300
NULL;CANDIDATE;10000;754457728;207;21310;556100
Kepler-1288 b;CONFIRMED;9850;2761223680;184;20170;638100
NULL;CANDIDATE;10000;16270721024;2842;8270;611700
Kepler-1217 b;CONFIRMED;9990;2032319104;187;15420;615600
Kepler-1245 b;CONFIRMED;9980;4354073600;163;10430;545500
Kepler-1246 b;CONFIRMED;9560;11322697728;151;5540;456300
Kepler-1247 b;CONFIRMED;10000;13712185344;247;6760;555000
NULL;CANDIDATE;9960;12146846720;175;10970;587700
Kepler-1248 b;CONFIRMED;7430;7467189760;104;10350;616100
NULL;CANDIDATE;9220;5422042624;139;12220;612300
NULL;CANDIDATE;9990;48888266752;296;3860;482100
Kepler-1272 b;CONFIRMED;8830;51131932672;243;5420;607100
NULL;CANDIDATE;10000;39831252992;146;4200;502600
Kepler-504 b;CONFIRMED;10000;9549277184;157;3740;354700
NULL;CANDIDATE;9660;24107317248;274;10650;658500
NULL;CANDIDATE;10000;17604614144;264;3620;374400
NULL;CANDIDATE;9890;51573866496;241;4170;538000
Kepler-1290 b;CONFIRMED;9970;4695055872;149;10980;599900
Kepler-503 b;CONFIRMED;10000;7258449920;553;8800;563800
Kepler-1218 b;CONFIRMED;9930;22922117120;133;6840;589700
Kepler-1219 b;CONFIRMED;9900;16104744960;321;11590;582200
Kepler-1220 b;CONFIRMED;9750;7426973696;140;8990;557300
Kepler-388 b;CONFIRMED;9970;3173230080;88;8300;450000
Kepler-388 c;CONFIRMED;9400;13297069056;91;5150;450000
Kepler-68 A b;CONFIRMED;10000;5398752768;221;11400;579000
Kepler-391 b;CONFIRMED;8680;7416830464;336;14250;493800
NULL;CANDIDATE;9580;727331776;67;8490;346000
NULL;CANDIDATE;10000;1302017408;137;13440;494800
Kepler-1291 b;CONFIRMED;10000;8630501376;143;7390;535200
Kepler-1292 b;CONFIRMED;10000;3276457216;171;11950;581200
NULL;CANDIDATE;10000;16057328640;227;6450;564400
NULL;CANDIDATE;10000;4603002368;132;8480;482100
Kepler-1221 b;CONFIRMED;9970;12000897024;147;6320;519500
NULL;CANDIDATE;9970;1169010560;9191;37660;594400
Kepler-1222 b;CONFIRMED;9970;1916940928;89;12460;508300
NULL;CANDIDATE;10000;5056612864;115;10490;592600
NULL;CANDIDATE;10000;131187924992;234;2840;489800
NULL;CANDIDATE;10000;25885939712;166;5420;519000
Kepler-1273 b;CONFIRMED;10000;28625350656;238;5730;577400
Kepler-1274 b;CONFIRMED;7390;6981413376;142;13840;605400
NULL;CANDIDATE;9220;8943377408;148;9460;607400
NULL;CANDIDATE;10000;827151296;1910;51710;445200
Kepler-26 b;CONFIRMED;10000;12282998784;283;4310;387900
NULL;CANDIDATE;10000;6383159296;273;5300;375700
Kepler-1293 b;CONFIRMED;9940;5576547840;92;11830;618700
Kepler-1294 b;CONFIRMED;9970;115686342656;352;4010;580000
Kepler-1295 b;CONFIRMED;9500;3813714176;137;10290;554700
NULL;CANDIDATE;9990;38097072128;158;2420;355400
NULL;CANDIDATE;10000;11619170304;221;7560;587000
NULL;CANDIDATE;9960;38229204992;151;3590;454400
Kepler-1223 b;CONFIRMED;9920;16301273088;154;5570;487300
Kepler-1224 b;CONFIRMED;7570;13323540480;132;8720;611300
Kepler-1250 b;CONFIRMED;10000;2607545088;207;14310;614700
Kepler-389 b;CONFIRMED;10000;3244175360;184;10470;509400
Kepler-68 A c;CONFIRMED;10000;9605059584;91;9410;579000
NULL;CANDIDATE;10000;18024347648;198;6830;595500
NULL;CANDIDATE;9970;16479323136;153;5370;490800
Kepler-1275 b;CONFIRMED;9980;3656909056;132;13680;607800
NULL;CANDIDATE;7170;88071274496;240;3300;493900
Kepler-1296 b;CONFIRMED;9960;8383958016;324;12850;540500
Kepler-1297 b;CONFIRMED;9980;1681890560;127;17900;582700
NULL;CANDIDATE;9100;44997758976;159;5080;587100
Kepler-1298 b;CONFIRMED;10000;7128151552;136;13730;631100
NULL;CANDIDATE;9720;2100816256;165;13780;581500
Kepler-1225 b;CONFIRMED;10000;7010742784;376;14530;581400
Kepler-1226 b;CONFIRMED;9930;17292263424;213;8090;593600
Kepler-1227 b;CONFIRMED;9980;94289223680;211;3690;563200
NULL;CANDIDATE;9980;14026346496;266;8220;597000
NULL;CANDIDATE;9470;25543370752;211;7720;542200
Kepler-1251 b;CONFIRMED;10000;45090918400;244;4870;579000
Kepler-1252 b;CONFIRMED;9950;15053988864;144;6650;547500
NULL;CANDIDATE;9950;3679368704;92;11120;567600
NULL;CANDIDATE;10000;7446463488;77;8790;567600
NULL;CANDIDATE;9960;159388794880;273;2890;513500
Kepler-446 b;CONFIRMED;10000;1565412608;173;6480;346400
Kepler-446 d;CONFIRMED;9920;5148923392;172;4360;346400
NULL;CANDIDATE;10000;2522590464;2582;12050;559100
Kepler-1386 b;CONFIRMED;9800;6739682816;148;10110;551100
Kepler-509 b;CONFIRMED;9990;41745989632;240;5840;597800
Kepler-1318 b;CONFIRMED;10000;213258518528;272;2020;447700
Kepler-126 d;CONFIRMED;10000;100283064320;251;4750;621400
Kepler-445 c;CONFIRMED;10000;4871223808;156;3410;315700
Kepler-445 b;CONFIRMED;9390;2984157696;92;4010;315700
Kepler-1319 b;CONFIRMED;10000;2886762496;124;5570;348300
NULL;CANDIDATE;9300;2252976640;119;7950;403900
Kepler-1367 b;CONFIRMED;10000;1574090368;93;9980;431300
NULL;CANDIDATE;10000;13787262976;155;8940;569100
Kepler-127 b;CONFIRMED;10000;14435945472;146;8840;607500
NULL;CANDIDATE;10000;5959586304;102;8970;545200
NULL;CANDIDATE;9370;16614622208;149;6040;529500
NULL;CANDIDATE;9940;5838929920;119;8350;527900
Kepler-1387 b;CONFIRMED;9990;2279523328;87;11230;501700
Kepler-1388 b;CONFIRMED;10000;12285471744;221;4340;389100
NULL;CANDIDATE;10000;3097569024;175;17820;632900
Kepler-399 d;CONFIRMED;9980;58033741824;321;4860;546700
Kepler-399 b;CONFIRMED;9980;14425263104;168;7730;546700
Kepler-399 c;CONFIRMED;9970;26675781632;269;6300;546700
NULL;CANDIDATE;10000;205385908224;211;2000;440000
Kepler-100 b;CONFIRMED;10000;6887070720;130;11550;578800
NULL;CANDIDATE;7090;3420646912;227;11290;537000
NULL;CANDIDATE;10000;1239357440;150;15830;537000
Kepler-1368 b;CONFIRMED;9980;675650432;136;20850;596600
NULL;CANDIDATE;9920;1407020160;112;13500;502200
NULL;CANDIDATE;9880;24435994624;231;6740;619700
Kepler-36 c;CONFIRMED;10000;16231916544;354;9260;591900
Kepler-126 c;CONFIRMED;10000;21869658112;151;7900;621400
Kepler-400 b;CONFIRMED;10000;9024364544;162;9390;588500
Kepler-400 c;CONFIRMED;9920;17340872704;143;7550;588500
NULL;CANDIDATE;10000;17577046016;2721;6730;565300
NULL;CANDIDATE;9630;1400755712;130;16280;548700
Kepler-1369 b;CONFIRMED;9180;25873090560;288;6670;603600
Kepler-1370 b;CONFIRMED;10000;20264202240;212;7700;593700
Kepler-1370 c;CONFIRMED;9310;7441360896;133;10750;593700
Kepler-1389 b;CONFIRMED;9990;99253231616;217;3000;501000
NULL;CANDIDATE;9990;27881316352;154;6810;643400
Kepler-1390 b;CONFIRMED;7300;6480214016;126;9340;549600
NULL;CANDIDATE;10000;7507900416;177;11380;640800
Kepler-401 b;CONFIRMED;9820;14383226880;184;8890;611500
Kepler-401 c;CONFIRMED;9980;47318663168;210;5980;611500
Kepler-1321 b;CONFIRMED;10000;11128273920;404;4080;364000
Kepler-1342 b;CONFIRMED;10000;2215713024;170;12830;541700
NULL;CANDIDATE;9980;34458550272;188;5590;616100
Kepler-1343 b;CONFIRMED;9960;3351840512;188;12940;619800
NULL;CANDIDATE;10000;110378385408;302;4730;634200
Kepler-1371 b;CONFIRMED;10000;3446212608;70;10150;537400
Kepler-1371 c;CONFIRMED;8290;2005414272;65;12160;537400
NULL;CANDIDATE;10000;4288867840;57;9440;537400
NULL;CANDIDATE;9930;24575252480;164;3160;367800
Kepler-1392 b;CONFIRMED;9970;15140891648;193;7140;592600
NULL;CANDIDATE;10000;11391694848;102;8860;555700
NULL;CANDIDATE;9340;10174703616;104;9850;586600
Kepler-1393 b;CONFIRMED;9980;2443585536;67;12490;556100
Kepler-1321 c;CONFIRMED;10000;2226496256;210;6970;364000
NULL;CANDIDATE;10000;5720845824;178;5090;364000
Kepler-1322 b;CONFIRMED;10000;962864192;152;16660;570400
Kepler-96 b;CONFIRMED;10000;16238477312;276;7110;568300
Kepler-1344 b;CONFIRMED;10000;4768310272;178;12190;623700
Kepler-1345 b;CONFIRMED;9960;44616749056;231;6930;676300
Kepler-1346 b;CONFIRMED;10000;3401656064;134;12360;617700
Kepler-1347 b;CONFIRMED;10000;14009486336;98;6170;515300
Kepler-1372 b;CONFIRMED;9820;1311558912;115;16550;592600
Kepler-1373 b;CONFIRMED;9900;1291233024;89;18870;638400
Kepler-454 b;CONFIRMED;10000;10573751296;207;8440;572000
Kepler-1395 b;CONFIRMED;9920;3784750592;70;13110;601700
NULL;CANDIDATE;7850;2172910592;93;15070;616400
Kepler-1396 b;CONFIRMED;9990;18220603392;178;7860;595100
NULL;CANDIDATE;9130;7351012864;142;10640;595100
Kepler-1397 b;CONFIRMED;9850;47449714688;161;5510;600700
Kepler-1323 b;CONFIRMED;10000;929906176;148;22910;603900
Kepler-1324 b;CONFIRMED;10000;4115855104;193;8950;482700
NULL;CANDIDATE;10000;6571594240;126;12110;604200
Kepler-1325 b;CONFIRMED;10000;33878638592;352;5640;553300
Kepler-1348 b;CONFIRMED;9950;27572213760;194;6360;591200
Kepler-1349 b;CONFIRMED;10000;2128216192;70;16680;595200
NULL;CANDIDATE;10000;868122240;165;20470;611600
Kepler-1374 b;CONFIRMED;10000;10652750848;220;7370;560200
Kepler-1375 b;CONFIRMED;10000;3300408064;143;15430;633300
NULL;CANDIDATE;9540;13843012608;198;6990;574500
NULL;CANDIDATE;9730;24275898368;225;5800;574500
Kepler-1391 b;CONFIRMED;9480;54409961472;156;5130;574600
NULL;CANDIDATE;9880;19947528192;252;6250;574900
Kepler-36 b;CONFIRMED;630;13849845760;145;9770;591900
Kepler-402 c;CONFIRMED;9800;6124797952;151;11400;605200
Kepler-402 e;CONFIRMED;10000;11242848256;144;9310;605200
Kepler-402 b;CONFIRMED;9970;4028771072;121;13110;605200
Kepler-402 d;CONFIRMED;9990;8921143296;127;10060;605200
Kepler-50 b;CONFIRMED;10000;7812858368;168;11960;623700
NULL;CANDIDATE;10000;18011650048;183;9000;647700
Kepler-1351 b;CONFIRMED;9920;916142272;60;12120;437400
NULL;CANDIDATE;10000;6992050176;106;11940;605700
NULL;CANDIDATE;9890;12099906560;139;8070;555300
NULL;CANDIDATE;9950;5363750400;115;10590;555300
NULL;CANDIDATE;10000;31608436736;189;6340;634100
NULL;CANDIDATE;7820;16155865088;204;4550;450400
Kepler-450 b;CONFIRMED;10000;28454891520;608;7690;620600
NULL;CANDIDATE;10000;1952711168;258;14030;574100
NULL;CANDIDATE;10000;2377524480;53;12780;561500
Kepler-1352 b;CONFIRMED;9990;1877878528;78;17010;632400
Kepler-100 d;CONFIRMED;10000;35333193728;155;6700;578800
Kepler-128 b;CONFIRMED;10000;15089641472;142;9680;606300
Kepler-1376 b;CONFIRMED;9810;5308739584;108;10420;591400
NULL;CANDIDATE;9910;3895243008;113;9560;501800
Kepler-1377 b;CONFIRMED;9930;740926336;122;18730;561800
NULL;CANDIDATE;9830;37303320576;231;4930;564600
NULL;CANDIDATE;9990;10164350976;199;13890;613300
Kepler-1327 b;CONFIRMED;10000;14887766016;196;8310;614300
Kepler-1328 b;CONFIRMED;9890;4521586176;131;12140;557600
Kepler-403 b;CONFIRMED;10000;7031462912;138;11940;617000
Kepler-403 c;CONFIRMED;9860;54281195520;207;6040;617000
Kepler-449 b;CONFIRMED;10000;12582297600;153;9170;558700
NULL;CANDIDATE;10000;1354770432;80;11020;441400
Kepler-1378 b;CONFIRMED;10000;11954018304;210;5250;435900
Kepler-1379 b;CONFIRMED;10000;881842624;124;15640;526800
Kepler-1312 b;CONFIRMED;10000;5448321024;217;9780;572100
NULL;CANDIDATE;10000;1116127232;100;16590;572100
NULL;CANDIDATE;9990;237787234304;991;3540;518500
Kepler-1313 b;CONFIRMED;10000;3833087744;225;10120;539700
Kepler-50 c;CONFIRMED;10000;9376636928;189;11250;623700
NULL;CANDIDATE;10000;5620062208;145;7720;486800
NULL;CANDIDATE;10000;3825900544;345;10050;522300
NULL;CANDIDATE;10000;558841216;133;17870;515100
Kepler-1329 b;CONFIRMED;10000;9336481792;239;5770;444200
Kepler-1354 b;CONFIRMED;9970;76613943296;261;4660;617300
NULL;CANDIDATE;10000;698461312;1481;51730;467600
Kepler-1355 b;CONFIRMED;10000;1289590144;138;14480;546700
Kepler-1356 b;CONFIRMED;10000;634003008;135;17140;522600
Kepler-128 c;CONFIRMED;10000;22803025920;129;8430;606300
NULL;CANDIDATE;9840;110755627008;2964;6510;652500
Kepler-397 c;CONFIRMED;10000;135497826304;601;2950;530700
Kepler-397 b;CONFIRMED;9600;22250850304;207;5390;530700
Kepler-1330 b;CONFIRMED;10000;10107738112;198;8790;548000
Kepler-449 c;CONFIRMED;7970;33672806400;186;6610;558700
Kepler-1357 b;CONFIRMED;10000;3009124864;122;11770;571300
NULL;CANDIDATE;9830;79245033472;333;4040;564800
NULL;CANDIDATE;9990;4445895168;194;10630;591800
Kepler-1380 b;CONFIRMED;10000;10310822912;127;7860;570800
NULL;CANDIDATE;10000;126445125632;449;3210;561300
NULL;CANDIDATE;10000;211032817664;343;2150;465800
NULL;CANDIDATE;10000;1716828288;74;14550;580800
Kepler-1332 b;CONFIRMED;10000;11874576384;132;7280;552300
Kepler-1333 b;CONFIRMED;9870;109646995456;485;4280;533200
Kepler-1334 b;CONFIRMED;9950;15645886464;218;7100;589600
Kepler-1358 b;CONFIRMED;9930;7063219200;121;8270;530500
Kepler-1381 b;CONFIRMED;9990;25384175616;244;6490;613700
Kepler-129 b;CONFIRMED;9520;15791966208;240;9100;575800
NULL;CANDIDATE;9850;5772071936;154;9150;559100
NULL;CANDIDATE;9770;46151254016;208;4230;520400
Kepler-100 c;CONFIRMED;10000;12815903744;226;9390;578800
Kepler-1314 b;CONFIRMED;10000;5424749568;515;6250;413700
NULL;CANDIDATE;10000;165344706560;698;3010;559400
NULL;CANDIDATE;10000;3606940416;204;10460;550800
Kepler-1335 b;CONFIRMED;10000;6264047616;155;8090;503200
Kepler-1336 b;CONFIRMED;9330;23198584832;261;7930;541600
Kepler-1336 c;CONFIRMED;9920;5777212416;217;12600;541600
Kepler-1359 b;CONFIRMED;9930;59496902656;292;3690;481700
NULL;CANDIDATE;10000;10613453824;177;9870;586500
Kepler-127 d;CONFIRMED;9990;48630378496;248;5900;607500
Kepler-1360 b;CONFIRMED;9890;40528990208;592;9330;644300
Kepler-1382 b;CONFIRMED;9960;16358347776;223;9590;613300
NULL;CANDIDATE;10000;97446322176;305;2830;473500
Kepler-398 b;CONFIRMED;9980;4081411584;100;7550;449800
Kepler-398 c;CONFIRMED;9880;11419419648;99;5360;449800
Kepler-398 d;CONFIRMED;9920;6834406912;101;6360;449800
NULL;CANDIDATE;6060;174636187648;1112;4810;597400
Kepler-1337 b;CONFIRMED;9960;24400437248;247;4370;458300
Kepler-1338 b;CONFIRMED;9750;935115840;105;21240;587400
Kepler-1361 b;CONFIRMED;9910;3575514368;89;10610;521300
NULL;CANDIDATE;9610;1791876992;148;22230;600200
Kepler-1362 b;CONFIRMED;10000;136205115392;235;2480;464800
NULL;CANDIDATE;9970;6309220352;137;6060;438000
Kepler-1363 b;CONFIRMED;10000;2941943040;122;9880;490100
NULL;CANDIDATE;8040;145881939968;180;4240;605200
Kepler-129 c;CONFIRMED;8030;82200125440;257;5250;575800
Kepler-1384 b;CONFIRMED;8870;15362605056;180;6080;501100
Kepler-1315 b;CONFIRMED;10000;843379968;170;15410;481800
NULL;CANDIDATE;10000;6566069248;183;7770;481800
Kepler-126 b;CONFIRMED;10000;10495663104;134;10090;621400
NULL;CANDIDATE;10000;2503432704;2023;11470;517400
NULL;CANDIDATE;9960;96456220672;910;7270;702900
NULL;CANDIDATE;9920;44564381696;580;9400;702900
Kepler-1339 b;CONFIRMED;8440;1341556480;74;16420;577900
NULL;CANDIDATE;9950;8482992640;80;8790;582700
Kepler-1340 b;CONFIRMED;9410;665025920;111;21740;588400
NULL;CANDIDATE;9980;234635657216;256;2670;542200
NULL;CANDIDATE;9770;253374578688;1925;5550;517700
Kepler-1364 b;CONFIRMED;10000;13321914368;288;12990;699500
Kepler-1365 b;CONFIRMED;9960;7699944448;92;9690;572700
Kepler-1365 c;CONFIRMED;9360;4774660608;81;11370;572700
Kepler-127 c;CONFIRMED;10000;29393371136;250;6980;607500
Kepler-1366 b;CONFIRMED;10000;2164570624;127;7830;394100
Kepler-1385 b;CONFIRMED;9970;2888785920;84;14230;569600
NULL;CANDIDATE;9990;5060922880;98;9980;563700
Kepler-1316 b;CONFIRMED;9500;87972421632;339;4460;583700
Kepler-1317 b;CONFIRMED;10000;568874688;149;17960;522300
NULL;CANDIDATE;10000;910020608;112;11270;429700
NULL;CANDIDATE;10000;1078084864;101;14170;490600
NULL;CANDIDATE;10000;56573231104;269;3560;470100
Kepler-507 b;CONFIRMED;9990;3568099584;136;14070;600700
Kepler-1341 b;CONFIRMED;10000;132995547136;251;2410;452300
Kepler-135 b;CONFIRMED;10000;6002548224;233;12090;620400
Kepler-135 c;CONFIRMED;10000;11448657920;132;9750;620400
Kepler-516 b;CONFIRMED;10000;24854665216;761;10950;696700
Kepler-517 b;CONFIRMED;9950;60928188416;278;4670;563800
Kepler-518 b;CONFIRMED;10000;8512037888;214;8390;576700
Kepler-537 b;CONFIRMED;10000;3247548928;141;11810;570300
NULL;CANDIDATE;9460;11191619584;147;7820;564600
Kepler-1408 b;CONFIRMED;6030;2997929216;112;16160;588800
Kepler-1410 b;CONFIRMED;9960;60866097152;139;2440;380800
NULL;CANDIDATE;9940;174731509760;300;2870;520100
NULL;CANDIDATE;10000;3484128768;116;11320;569600
Kepler-92 b;CONFIRMED;10000;13748830208;363;9750;586200
NULL;CANDIDATE;10000;858546816;88;16710;526900
NULL;CANDIDATE;7860;5518195200;46;9690;576700
Kepler-99 b;CONFIRMED;10000;4603575296;151;8100;478300
Kepler-519 b;CONFIRMED;10000;24307843072;214;5320;531300
Kepler-520 b;CONFIRMED;10000;19674097664;178;7110;602300
Kepler-101 b;CONFIRMED;10000;3487688704;564;14450;557600
Kepler-538 b;CONFIRMED;7550;81737875456;216;3850;555900
NULL;CANDIDATE;9530;75112210432;2323;7770;620100
NULL;CANDIDATE;9980;31578650624;452;5700;573300
Kepler-144 b;CONFIRMED;10000;5885273600;159;12530;607000
NULL;CANDIDATE;9980;3765620224;1939;10840;574300
Kepler-1412 b;CONFIRMED;9390;3614603264;90;13970;579900
Kepler-130 b;CONFIRMED;9990;8457448960;102;9820;590300
NULL;CANDIDATE;9800;2462888448;67;13910;589300
NULL;CANDIDATE;6140;3822233856;105;6010;372900
NULL;CANDIDATE;9290;17067643904;162;7690;634700
Kepler-1424 b;CONFIRMED;9960;29609906176;174;6290;581200
NULL;CANDIDATE;10000;3423908096;125;12120;578800
Kepler-520 c;CONFIRMED;10000;5211045888;118;11070;602300
NULL;CANDIDATE;10000;35596967936;372;6460;621200
Kepler-136 b;CONFIRMED;10000;11578909696;206;9510;615600
Kepler-144 c;CONFIRMED;10000;10104631296;159;10460;607000
Kepler-145 c;CONFIRMED;9990;42882478080;361;7090;614300
Kepler-63 b;CONFIRMED;9990;9434141696;573;7910;557800
Kepler-145 b;CONFIRMED;9890;22950623232;217;8730;614300
Kepler-539 b;CONFIRMED;60;125629145088;1002;3880;581900
NULL;CANDIDATE;9630;4179390464;152;11940;563300
NULL;CANDIDATE;10000;10919265280;190;11070;574500
NULL;CANDIDATE;8280;2762637312;125;12310;577200
Kepler-431 d;CONFIRMED;9830;11921603584;87;8510;600600
Kepler-431 b;CONFIRMED;9820;6802579456;73;10260;600600
Kepler-431 c;CONFIRMED;10000;8703121408;72;9450;600600
Kepler-92 c;CONFIRMED;9760;26723168256;231;7810;586200
Kepler-136 c;CONFIRMED;9980;16399264768;194;8470;615600
Kepler-137 c;CONFIRMED;10000;18735771648;210;5680;518800
Kepler-137 b;CONFIRMED;10000;8436398080;150;7420;518800
Kepler-138 c;CONFIRMED;10000;13781094400;142;4020;384600
Kepler-138 d;CONFIRMED;10000;23089022976;124;3380;384600
Kepler-101 c;CONFIRMED;9170;6029772288;118;12040;557600
NULL;CANDIDATE;10000;135187996672;232;3450;573100
Kepler-540 b;CONFIRMED;9920;172704612352;285;3550;585100
NULL;CANDIDATE;9720;5053689856;121;10070;577200
Kepler-1413 b;CONFIRMED;9580;13182932992;184;6610;538200
Kepler-1414 b;CONFIRMED;9980;3515755008;135;10330;509400
Kepler-130 d;CONFIRMED;8940;87517782016;185;4510;590300
Kepler-1426 b;CONFIRMED;9980;14256327680;173;7970;614000
NULL;CANDIDATE;9990;4212235776;104;8870;511600
Kepler-138 b;CONFIRMED;9990;10312821760;59;4430;384600
NULL;CANDIDATE;10000;35583496192;203;4080;489400
Kepler-139 b;CONFIRMED;10000;15771110400;262;7520;562000
Kepler-139 c;CONFIRMED;10000;157066002432;263;3500;562000
NULL;CANDIDATE;10000;7305706496;211;9720;562000
NULL;CANDIDATE;10000;1951082240;1035;20050;530200
NULL;CANDIDATE;10000;23137591296;183;8370;607800
NULL;CANDIDATE;9290;6070325248;136;7890;507600
NULL;CANDIDATE;10000;18976327680;224;6380;530000
NULL;CANDIDATE;9850;6347247104;135;9190;530000
NULL;CANDIDATE;10000;7362721280;186;9010;586800
Kepler-1428 b;CONFIRMED;9890;10676159488;179;10490;646000
Kepler-1429 b;CONFIRMED;9720;4484943360;123;11990;621700
NULL;CANDIDATE;9860;4328482816;66;11990;587400
Kepler-521 b;CONFIRMED;9990;22208096256;302;8030;633600
Kepler-522 b;CONFIRMED;9870;38583369728;856;7610;627300
NULL;CANDIDATE;9980;46151196672;1002;7030;587700
Kepler-406 b;CONFIRMED;10000;2426304000;141;13020;567800
NULL;CANDIDATE;10000;4780327424;714;14410;593700
Kepler-147 c;CONFIRMED;10000;33416054784;298;6890;600700
Kepler-147 b;CONFIRMED;9930;12611968000;133;9530;600700
NULL;CANDIDATE;9910;7648094720;119;8400;564100
Kepler-1415 b;CONFIRMED;9730;636424832;131;18460;534300
NULL;CANDIDATE;10000;31020916736;166;2910;372000
NULL;CANDIDATE;7610;2118893952;141;12300;550400
Kepler-1430 b;CONFIRMED;10000;2460500992;103;9690;481100
NULL;CANDIDATE;9880;7491337728;101;12910;617700
Kepler-1431 b;CONFIRMED;9980;5866012672;145;10640;602000
Kepler-1432 b;CONFIRMED;9800;23910705152;191;7090;633800
Kepler-406 c;CONFIRMED;9960;4623345152;77;10500;567800
Kepler-523 b;CONFIRMED;10000;5835994624;192;8840;542300
Kepler-541 b;CONFIRMED;10000;5080057856;395;16730;604900
Kepler-542 b;CONFIRMED;10000;13144967168;159;6980;541100
Kepler-131 b;CONFIRMED;9760;16091963392;213;7180;568000
NULL;CANDIDATE;9980;5465417216;123;9270;561200
Kepler-1416 b;CONFIRMED;9930;1495151360;144;18700;563500
Kepler-1417 b;CONFIRMED;9150;20350470144;101;6950;595200
NULL;CANDIDATE;9760;6066649088;87;9150;556900
NULL;CANDIDATE;130;2184437760;94;5290;342100
Kepler-1433 b;CONFIRMED;9980;4135929344;143;12260;588600
Kepler-1434 b;CONFIRMED;9990;8053379072;128;13200;623100
NULL;CANDIDATE;9980;15231119360;194;8000;583600
NULL;CANDIDATE;50;8973500416;3600;22620;475100
NULL;CANDIDATE;9050;108546949120;2967;9850;475100
Kepler-140 b;CONFIRMED;10000;3254277632;138;13010;594500
Kepler-140 c;CONFIRMED;10000;91351482368;157;4280;594500
Kepler-146 b;CONFIRMED;10000;31158824960;356;6390;595100
Kepler-146 c;CONFIRMED;9730;76732456960;308;4730;595100
Kepler-543 b;CONFIRMED;10000;13899632640;246;5210;453800
NULL;CANDIDATE;10000;6149559296;326;12870;568700
NULL;CANDIDATE;8820;4809987584;159;10770;598800
NULL;CANDIDATE;9800;5082880512;115;11830;621700
NULL;CANDIDATE;9980;31025948672;191;5950;607500
NULL;CANDIDATE;10000;3089427968;107;13610;613700
NULL;CANDIDATE;9980;44870205440;256;5360;612200
Kepler-1435 b;CONFIRMED;9570;4453424128;90;13310;625600
Kepler-1436 b;CONFIRMED;10000;9705693184;207;10010;580800
NULL;CANDIDATE;9510;21236002816;262;10480;603500
Kepler-461 b;CONFIRMED;10000;8313773056;274;8860;590000
Kepler-524 b;CONFIRMED;10000;7974205952;185;9740;597300
Kepler-524 c;CONFIRMED;9980;1888990336;83;15740;597300
Kepler-525 b;CONFIRMED;10000;18684057600;364;8320;554800
Kepler-544 b;CONFIRMED;10000;21416241152;209;7480;615600
Kepler-93 b;CONFIRMED;10000;4726740480;156;10280;564800
NULL;CANDIDATE;10000;14591504384;3685;8790;594000
Kepler-131 c;CONFIRMED;9830;25517275136;83;6150;568000
NULL;CANDIDATE;10000;4732920832;97;9570;559500
Kepler-1418 b;CONFIRMED;7990;22476595200;121;4190;456300
NULL;CANDIDATE;8920;1242639744;102;14870;552000
NULL;CANDIDATE;9880;14863849472;290;6200;515900
NULL;CANDIDATE;9940;5652457472;105;8560;515900
Kepler-1437 b;CONFIRMED;10000;10929481728;121;7700;579200
Kepler-526 b;CONFIRMED;10000;5458499072;191;10990;591400
Kepler-527 b;CONFIRMED;10000;13285364736;403;11570;653400
Kepler-450 c;CONFIRMED;9980;15413081088;259;9440;620600
NULL;CANDIDATE;9930;4820510720;108;13280;604600
NULL;CANDIDATE;10000;6095956992;126;12590;631300
NULL;CANDIDATE;9840;13251121152;198;8500;585000
NULL;CANDIDATE;9770;10129561600;78;7360;538300
NULL;CANDIDATE;8700;15611224064;91;6370;538300
Kepler-1419 b;CONFIRMED;9590;42521702400;245;5100;591100
Kepler-1420 b;CONFIRMED;9720;6699588608;124;8060;529600
NULL;CANDIDATE;9900;2391619584;93;10310;493500
NULL;CANDIDATE;9680;5688791040;99;6450;423400
Kepler-1438 b;CONFIRMED;8930;2319415808;124;14900;562400
Kepler-528 b;CONFIRMED;10000;19783026688;210;7080;574700
Kepler-141 c;CONFIRMED;10000;7010632192;150;7380;490800
Kepler-141 b;CONFIRMED;9990;3107626752;73;9680;490800
Kepler-529 b;CONFIRMED;10000;1980356736;210;16620;607800
Kepler-529 c;CONFIRMED;10000;12834477056;255;8910;607800
NULL;CANDIDATE;9890;21613133824;194;5030;526700
Kepler-1398 b;CONFIRMED;10000;2788179200;102;15100;575800
Kepler-1398 c;CONFIRMED;9840;4138276864;113;13240;575800
Kepler-405 c;CONFIRMED;9970;29727219712;302;5570;581500
Kepler-132 d;CONFIRMED;9710;18010200064;193;7580;593100
Kepler-405 b;CONFIRMED;10000;10613687296;206;7850;581500
NULL;CANDIDATE;9620;27943024640;221;7180;646800
Kepler-1439 b;CONFIRMED;8580;8073940992;159;4200;367500
NULL;CANDIDATE;10000;4537021440;166;7980;480500
NULL;CANDIDATE;8580;977311488;106;13310;480500
Kepler-1440 b;CONFIRMED;7680;39859503104;162;5970;567500
Kepler-414 c;CONFIRMED;10000;7170710528;273;8900;549700
Kepler-414 b;CONFIRMED;10000;4699652608;174;10240;549700
Kepler-142 c;CONFIRMED;10000;4761705984;275;12010;579400
Kepler-142 b;CONFIRMED;10000;2024143616;194;15970;579400
NULL;CANDIDATE;10000;11872908288;225;8630;614700
Kepler-1399 b;CONFIRMED;9870;1638652544;129;16100;611900
Kepler-1400 b;CONFIRMED;2540;9066875904;190;7250;514200
NULL;CANDIDATE;9990;4022310912;137;10170;551600
Kepler-1421 b;CONFIRMED;9770;6913172992;91;12090;629600
NULL;CANDIDATE;9810;7328519680;233;8070;513500
Kepler-1422 b;CONFIRMED;10000;18605205504;194;8330;657200
NULL;CANDIDATE;9990;896382272;100;18100;583700
Kepler-1441 b;CONFIRMED;9970;39442079744;251;6820;543000
NULL;CANDIDATE;10000;10275324928;304;12110;615000
NULL;CANDIDATE;10000;26629419008;313;7420;586600
Kepler-511 b;CONFIRMED;10000;296637595648;756;3320;586600
Kepler-142 d;CONFIRMED;9980;41808502784;167;5820;579400
Kepler-530 b;CONFIRMED;10000;39309438976;287;4880;560700
Kepler-531 b;CONFIRMED;10000;29884876800;281;4530;488300
Kepler-532 b;CONFIRMED;10000;12924898304;262;6200;510300
NULL;CANDIDATE;9890;11455419392;112;9750;623100
NULL;CANDIDATE;5080;44433727488;185;5380;559600
NULL;CANDIDATE;10000;6331252224;131;8220;538300
NULL;CANDIDATE;8870;24220420096;210;5050;516500
Kepler-132 c;CONFIRMED;9190;6414913024;140;10690;593100
NULL;CANDIDATE;9920;3916795648;85;8510;488900
NULL;CANDIDATE;10000;43102441472;188;5390;574100
Kepler-133 c;CONFIRMED;9950;31517794304;272;6630;561100
Kepler-133 b;CONFIRMED;10000;8129998336;204;10410;561100
Kepler-97 b;CONFIRMED;10000;2586639616;144;13280;578000
NULL;CANDIDATE;3510;2671942656;2236;14580;611600
Kepler-533 b;CONFIRMED;10000;28511176704;327;4230;468700
NULL;CANDIDATE;10000;14386825216;254;7760;572500
NULL;CANDIDATE;9170;8856866816;188;7140;501700
NULL;CANDIDATE;9830;12990650368;202;7900;578700
Kepler-1401 b;CONFIRMED;10000;11200588800;170;8080;603800
Kepler-410 A b;CONFIRMED;10000;17833678848;243;8660;640700
Kepler-510 b;CONFIRMED;10000;19556620288;245;7970;567100
NULL;CANDIDATE;9000;82659516416;203;2330;395200
Kepler-1402 b;CONFIRMED;9960;2033874816;160;17890;528200
Kepler-1423 b;CONFIRMED;9330;23955398656;284;7410;501100
NULL;CANDIDATE;9940;7409851904;118;8180;546200
Kepler-512 b;CONFIRMED;5900;34435940352;278;6520;592900
Kepler-134 b;CONFIRMED;10000;5317440000;194;11050;592300
Kepler-134 c;CONFIRMED;9580;10105757696;128;8920;592300
Kepler-513 b;CONFIRMED;10000;28862365696;253;6230;572500
Kepler-90 g;CONFIRMED;8800;210601377792;770;3420;597000
NULL;CANDIDATE;8890;75731197952;347;2370;389100
Kepler-90 d;CONFIRMED;9990;59737145344;284;5200;597000
Kepler-143 c;CONFIRMED;10000;27082397696;325;7030;585700
NULL;CANDIDATE;10000;152106041344;1158;4580;620000
NULL;CANDIDATE;9890;30652893184;286;7800;620000
Kepler-1403 b;CONFIRMED;9870;5194927616;203;12380;641500
Kepler-1404 b;CONFIRMED;10000;15931441152;177;5960;538000
Kepler-1405 b;CONFIRMED;10000;28227414016;282;5650;585800
NULL;CANDIDATE;9830;4765590528;92;11670;570200
NULL;CANDIDATE;10000;2986181376;116;13560;617300
Kepler-132 b;CONFIRMED;9980;6178173440;122;10820;593100
NULL;CANDIDATE;9830;7251019776;91;8070;538200
Kepler-514 b;CONFIRMED;10000;5651789312;203;12480;608500
Kepler-515 b;CONFIRMED;10000;19963672576;150;5640;525000
NULL;CANDIDATE;9150;57384038400;162;3970;525000
Kepler-98 b;CONFIRMED;10000;1541676544;188;15920;553300
Kepler-534 b;CONFIRMED;10000;15959956480;227;7210;593600
NULL;CANDIDATE;9980;7378675712;111;9330;593600
Kepler-535 b;CONFIRMED;10000;4903321600;237;12470;604500
Kepler-536 b;CONFIRMED;10000;1827081984;595;18770;531100
NULL;CANDIDATE;10000;2573843712;57;11290;511500
Kepler-1406 b;CONFIRMED;9960;11629041664;131;8540;572100
Kepler-130 c;CONFIRMED;10000;27508715520;298;6630;590300
Kepler-1407 b;CONFIRMED;9830;20070875136;320;8260;590200
NULL;CANDIDATE;9400;98353152000;413;5520;636600
NULL;CANDIDATE;9630;10183182336;79;8670;584300
NULL;CANDIDATE;9790;6232123392;61;10210;584300
NULL;CANDIDATE;6730;8294292992;65;9280;584300
Kepler-176 d;CONFIRMED;10000;25752750080;227;5010;496300
NULL;CANDIDATE;10000;10161024000;462;9040;603200
NULL;CANDIDATE;10000;12829934592;331;7340;586200
Kepler-177 c;CONFIRMED;9890;49411211264;677;4970;576800
Kepler-177 b;CONFIRMED;10000;36856774656;268;5490;576800
Kepler-189 b;CONFIRMED;9990;10399861760;150;6780;496300
Kepler-606 b;CONFIRMED;10000;24315740160;280;6830;624200
NULL;CANDIDATE;9260;39676608512;229;4730;524400
Kepler-548 b;CONFIRMED;10000;4454194176;1176;10170;535900
Kepler-39 b;CONFIRMED;10000;21087195136;1443;8730;626600
Kepler-20 e;CONFIRMED;9990;6098555904;84;9270;546500
Kepler-567 b;CONFIRMED;10000;16542952448;231;6110;521500
Kepler-568 b;CONFIRMED;10000;11023474688;246;4290;374400
Kepler-569 b;CONFIRMED;10000;34188843008;297;5260;551500
Kepler-570 b;CONFIRMED;10000;4301658624;242;10090;548000
Kepler-166 b;CONFIRMED;10000;7650243584;230;7720;540900
NULL;CANDIDATE;4250;2472408576;36;8870;472900
NULL;CANDIDATE;10000;4592393728;251;9240;535100
Kepler-65 c;CONFIRMED;10000;5859935744;256;12460;618100
Kepler-586 b;CONFIRMED;10000;2104721920;289;13650;570300
NULL;CANDIDATE;8790;7906976256;113;9940;634700
Kepler-608 b;CONFIRMED;10000;6412512768;389;10690;602600
Kepler-190 b;CONFIRMED;10000;2019997056;146;11660;510300
Kepler-190 c;CONFIRMED;10000;3763041536;163;9480;510300
Kepler-609 b;CONFIRMED;10000;6521209856;254;9320;582200
Kepler-610 b;CONFIRMED;10000;6996926464;321;8880;571300
NULL;CANDIDATE;6760;13950956544;75;8490;588800
NULL;CANDIDATE;10000;16301413376;384;8050;607200
NULL;CANDIDATE;10000;24614805504;420;5860;531200
Kepler-549 b;CONFIRMED;10000;42949521408;298;4870;531200
Kepler-549 c;CONFIRMED;9950;117033517056;268;3490;531200
Kepler-166 d;CONFIRMED;10000;1554003840;159;13130;540900
Kepler-166 c;CONFIRMED;10000;34259513344;241;4680;540900
Kepler-571 b;CONFIRMED;10000;4798600192;251;9780;563100
Kepler-178 b;CONFIRMED;10000;9576659968;288;8460;538600
Kepler-178 d;CONFIRMED;10000;96678182912;329;3920;538600
Kepler-178 c;CONFIRMED;10000;20552802304;299;6560;538600
Kepler-587 b;CONFIRMED;10000;10940267520;208;7640;574900
NULL;CANDIDATE;10000;3687469824;578;6900;400400
Kepler-610 c;CONFIRMED;9620;151863951360;241;3180;571300
Kepler-191 d;CONFIRMED;9890;5945043456;269;8570;510500
NULL;CANDIDATE;9720;65704525824;278;4720;591800
Kepler-191 c;CONFIRMED;9940;17738428416;247;5960;510500
Kepler-191 b;CONFIRMED;5590;9939623936;193;7220;510500
Kepler-40 b;CONFIRMED;10000;6873166336;1344;14820;649000
Kepler-550 b;CONFIRMED;10000;8600098816;417;7600;524600
Kepler-551 b;CONFIRMED;10000;12376468480;253;4830;420000
NULL;CANDIDATE;9980;9340537856;84;5300;420000
NULL;CANDIDATE;3430;330071572480;294;2860;593300
Kepler-153 b;CONFIRMED;10000;18870220800;282;6210;540200
Kepler-20 f;CONFIRMED;9630;19577608192;90;6280;546500
Kepler-572 b;CONFIRMED;10000;17205229568;222;5530;521100
Kepler-573 b;CONFIRMED;10000;22183321600;278;6460;556500
Kepler-574 b;CONFIRMED;10000;7658800640;219;8580;565700
Kepler-575 b;CONFIRMED;10000;9378916352;203;8030;568400
Kepler-588 b;CONFIRMED;10000;4221626112;287;11760;612300
Kepler-589 b;CONFIRMED;10000;16549670912;295;6560;537200
Kepler-65 b;CONFIRMED;10000;2154911232;142;17400;618100
NULL;CANDIDATE;8120;11505879040;99;10000;633600
NULL;CANDIDATE;9990;3524678912;146;10980;537200
Kepler-179 c;CONFIRMED;10000;6400157184;252;8100;529900
Kepler-611 b;CONFIRMED;10000;2437029120;204;15130;557300
Kepler-192 b;CONFIRMED;10000;9926721536;276;8030;547500
Kepler-192 c;CONFIRMED;10000;21223493632;263;6230;547500
Kepler-192 d;CONFIRMED;9320;6470277120;115;9260;547500
Kepler-612 b;CONFIRMED;10000;3722158848;233;10460;561700
Kepler-153 c;CONFIRMED;9970;46902644736;260;4580;540200
Kepler-552 b;CONFIRMED;10000;5263415296;377;11030;609900
Kepler-553 b;CONFIRMED;10000;4030466816;448;9700;523400
Kepler-553 c;CONFIRMED;9920;328240201728;1099;2240;523400
Kepler-167 b;CONFIRMED;10000;4393157632;141;8070;479900
Kepler-102 e;CONFIRMED;10000;16145672192;248;5460;490000
Kepler-179 b;CONFIRMED;10000;2735900160;156;10750;529900
Kepler-590 b;CONFIRMED;10000;5852968960;346;10560;605000
Kepler-591 b;CONFIRMED;9210;81170161664;471;4360;546000
Kepler-592 b;CONFIRMED;10000;2820190720;253;13670;583100
Kepler-593 b;CONFIRMED;10000;21217122304;297;7060;619100
Kepler-613 b;CONFIRMED;10000;15779801088;211;7130;594100
Kepler-614 b;CONFIRMED;10000;14034903040;241;6410;525800
Kepler-615 b;CONFIRMED;10000;10355864576;192;6200;464600
Kepler-89 d;CONFIRMED;9940;22342965248;999;7850;618100
Kepler-193 b;CONFIRMED;10000;11388401664;304;9790;587600
Kepler-154 d;CONFIRMED;10000;20549818368;404;6570;568800
NULL;CANDIDATE;8040;199839203328;2148;2760;545700
Kepler-155 b;CONFIRMED;10000;5931196416;201;5620;398400
Kepler-167 c;CONFIRMED;9870;7406116864;137;6780;479900
Kepler-167 d;CONFIRMED;9970;21803708416;111;4730;479900
Kepler-576 b;CONFIRMED;10000;29911189504;290;5410;527500
Kepler-577 b;CONFIRMED;10000;25695813632;170;3140;378700
Kepler-594 b;CONFIRMED;10000;13646175232;206;6780;556900
Kepler-4 b;CONFIRMED;10000;3213668864;413;15150;579500
Kepler-65 d;CONFIRMED;10000;8131213824;158;11170;618100
Kepler-180 c;CONFIRMED;9990;41885442048;328;5400;573500
Kepler-180 b;CONFIRMED;9920;13817335808;204;7810;573500
Kepler-194 d;CONFIRMED;9000;52814807040;333;5620;556500
Kepler-195 b;CONFIRMED;10000;8307838976;215;7510;532000
Kepler-195 c;CONFIRMED;9990;34096345088;171;4690;532000
NULL;CANDIDATE;10000;6454429184;248;9990;609200
Kepler-618 b;CONFIRMED;10000;3595769088;239;12960;576200
Kepler-155 c;CONFIRMED;10000;52661526528;187;2710;398400
Kepler-554 b;CONFIRMED;10000;1902208640;445;13460;540000
NULL;CANDIDATE;9910;20605501440;85;8060;609900
Kepler-156 c;CONFIRMED;10000;15906888704;235;5880;509700
Kepler-156 b;CONFIRMED;10000;4973455360;246;8670;509700
Kepler-578 b;CONFIRMED;10000;1616883328;447;17740;486800
NULL;CANDIDATE;4980;9553913856;68;10120;617500
Kepler-168 c;CONFIRMED;10000;13193228288;294;8620;594600
Kepler-102 d;CONFIRMED;10000;10311747584;134;6340;490000
Kepler-168 b;CONFIRMED;9960;4425351168;163;12400;594600
Kepler-181 c;CONFIRMED;10000;4302139392;246;9370;504100
Kepler-181 b;CONFIRMED;10000;3137846016;150;10410;504100
NULL;CANDIDATE;5700;6770676224;190;14990;633700
Kepler-182 c;CONFIRMED;10000;20684208128;328;7290;624600
Kepler-193 c;CONFIRMED;9550;50698539008;358;5950;587600
NULL;CANDIDATE;8660;589376960;93;21620;571400
NULL;CANDIDATE;10000;39752990720;237;5680;607200
Kepler-616 b;CONFIRMED;10000;9997602816;282;8600;600400
Kepler-616 c;CONFIRMED;10000;90411802624;396;4130;600400
Kepler-157 c;CONFIRMED;9820;13540574208;217;7790;576700
Kepler-157 b;CONFIRMED;10000;1732346368;137;15460;576700
NULL;CANDIDATE;9740;1746100608;124;16890;485400
Kepler-157 d;CONFIRMED;8680;7025740800;156;9690;576700
Kepler-555 b;CONFIRMED;10000;16217749504;222;6640;583700
Kepler-556 b;CONFIRMED;10000;11722911744;208;7660;555000
Kepler-579 b;CONFIRMED;10000;9668574208;190;7300;528800
Kepler-80 b;CONFIRMED;10000;7053527040;216;5470;404100
Kepler-80 c;CONFIRMED;10000;9521644544;216;4950;404100
Kepler-80 d;CONFIRMED;10000;3072146688;130;7220;404100
Kepler-80 e;CONFIRMED;10000;4645382144;133;6290;404100
Kepler-182 b;CONFIRMED;9990;9825784832;266;9350;624600
Kepler-595 b;CONFIRMED;10000;25302919168;395;5350;512100
Kepler-596 b;CONFIRMED;10000;21300205568;299;7250;600800
Kepler-22 b;CONFIRMED;8810;289864056832;234;2570;551600
NULL;CANDIDATE;10000;51067437056;244;4990;600400
Kepler-617 b;CONFIRMED;10000;1682695936;123;7500;366900
Kepler-194 c;CONFIRMED;10000;17307955200;356;8150;556500
Kepler-89 c;CONFIRMED;10000;10423676928;372;10120;618100
Kepler-194 b;CONFIRMED;10000;2092271104;206;16480;556500
Kepler-10 c;CONFIRMED;9820;45294223360;226;5240;567600
Kepler-158 b;CONFIRMED;10000;16709206016;227;5000;462100
Kepler-158 c;CONFIRMED;8950;28551581696;197;4180;462100
Kepler-159 b;CONFIRMED;10000;10139588608;168;4470;389300
Kepler-80 f;CONFIRMED;10000;986785856;119;10540;404100
NULL;CANDIDATE;9980;24796280832;270;6640;577000
Kepler-102 f;CONFIRMED;10000;27453614080;95;4570;490000
Kepler-580 b;CONFIRMED;10000;8222413312;228;5580;421300
Kepler-597 b;CONFIRMED;10000;13023632384;230;7430;562700
Kepler-183 c;CONFIRMED;10000;11637029888;290;8570;557600
NULL;CANDIDATE;9950;6936508416;151;13050;661500
Kepler-183 b;CONFIRMED;10000;5687986688;276;10880;557600
Kepler-619 b;CONFIRMED;10000;5404269056;285;10730;612200
NULL;CANDIDATE;10000;11678942208;417;8300;612200
Kepler-619 c;CONFIRMED;10000;1208462336;164;17670;612200
Kepler-620 b;CONFIRMED;10000;12913858560;249;8490;625300
Kepler-89 e;CONFIRMED;9530;54319960064;607;5840;618100
Kepler-557 b;CONFIRMED;10000;3705991680;243;12810;618700
Kepler-581 b;CONFIRMED;9320;40606896128;267;5210;553800
Kepler-169 e;CONFIRMED;10000;13767100416;224;5950;500100
NULL;CANDIDATE;9760;2216590592;48;12150;539700
Kepler-169 c;CONFIRMED;9960;6195459584;137;7760;500100
Kepler-169 b;CONFIRMED;10000;3250582016;119;9620;500100
Kepler-169 d;CONFIRMED;9980;8348192256;145;7020;500100
NULL;CANDIDATE;10000;3658497024;1461;15830;585700
Kepler-598 b;CONFIRMED;10000;3701765376;163;10500;525200
NULL;CANDIDATE;9700;86494371840;307;3670;525200
Kepler-148 d;CONFIRMED;9630;51846889472;873;4130;522700
Kepler-148 c;CONFIRMED;10000;4180048128;344;9570;522700
Kepler-148 b;CONFIRMED;10000;1729367040;182;12840;522700
Kepler-558 b;CONFIRMED;10000;29007892480;264;4980;529500
NULL;CANDIDATE;10000;2433703424;166;11120;525100
Kepler-160 c;CONFIRMED;10000;13699422208;385;7710;554100
Kepler-160 b;CONFIRMED;10000;4309382144;189;11340;554100
Kepler-161 b;CONFIRMED;10000;4921363968;214;8680;507600
Kepler-169 f;CONFIRMED;9810;87091257344;295;3210;500100
NULL;CANDIDATE;9000;1583160448;327;16190;606300
NULL;CANDIDATE;9490;7978819584;99;9270;555300
Kepler-582 b;CONFIRMED;10000;18492348416;334;6030;528900
Kepler-170 b;CONFIRMED;10000;7930583552;305;8990;567400
Kepler-102 c;CONFIRMED;10000;7071361024;63;7190;490000
Kepler-599 b;CONFIRMED;10000;15655639040;255;6230;518500
NULL;CANDIDATE;8810;10522866688;2326;10080;554800
NULL;CANDIDATE;10000;9178585088;230;7530;550600
Kepler-600 b;CONFIRMED;10000;23675131904;276;5280;530900
Kepler-149 b;CONFIRMED;10000;29198991360;415;5400;537600
Kepler-149 d;CONFIRMED;10000;160019152896;428;3060;537600
Kepler-20 c;CONFIRMED;10000;10854095872;299;7650;546500
Kepler-149 c;CONFIRMED;9970;55329140736;167;4360;537600
Kepler-161 c;CONFIRMED;10000;7064251904;237;7690;507600
NULL;CANDIDATE;9330;53717983232;15512;15500;495900
Kepler-162 c;CONFIRMED;10000;19446390784;324;6810;581500
Kepler-162 b;CONFIRMED;10000;6919869952;139;9610;581500
NULL;CANDIDATE;10000;105881763840;1016;5950;590300
Kepler-170 c;CONFIRMED;10000;16665899008;285;7020;567400
Kepler-171 b;CONFIRMED;10000;4166966272;274;10530;545600
Kepler-171 c;CONFIRMED;10000;11463472128;300;7520;545600
Kepler-172 b;CONFIRMED;10000;2940304896;259;12560;552700
Kepler-601 b;CONFIRMED;10000;5378868224;186;8330;507700
Kepler-602 b;CONFIRMED;10000;15284677632;270;8520;576300
Kepler-603 b;CONFIRMED;10000;21053499392;275;7310;575100
Kepler-603 c;CONFIRMED;10000;127905415168;803;4010;575100
Kepler-603 d;CONFIRMED;9980;6217160192;181;10980;575100
NULL;CANDIDATE;8190;4577974272;96;10240;579500
Kepler-150 c;CONFIRMED;10000;7381980160;342;8760;555900
Kepler-559 b;CONFIRMED;10000;17587517440;403;7060;543300
NULL;CANDIDATE;6900;3016096256;96;7950;424500
Kepler-560 b;CONFIRMED;10;18477627392;155;2670;339500
Kepler-561 b;CONFIRMED;9630;58362056704;702;4460;559200
Kepler-561 c;CONFIRMED;10000;5350156288;260;9890;559200
NULL;CANDIDATE;8670;21942431744;123;7970;605200
Kepler-172 c;CONFIRMED;10000;6388996608;289;9700;552700
Kepler-172 d;CONFIRMED;9320;14627096576;270;7360;552700
Kepler-172 e;CONFIRMED;9980;35118444544;326;5500;552700
Kepler-173 c;CONFIRMED;10000;8005790720;236;9560;603200
Kepler-173 b;CONFIRMED;10000;4263743744;128;11790;603200
NULL;CANDIDATE;2460;330025009152;592;4780;612600
Kepler-462 b;CONFIRMED;8810;84687749120;337;6110;668800
Kepler-604 b;CONFIRMED;9930;25855000576;240;6370;612200
Kepler-184 b;CONFIRMED;10000;10687582208;264;7800;578800
Kepler-184 c;CONFIRMED;10000;20303034368;216;6300;578800
Kepler-150 d;CONFIRMED;10000;12560966656;274;7340;555900
Kepler-150 e;CONFIRMED;10000;30826104832;318;5440;555900
Kepler-20 b;CONFIRMED;10000;3696121344;178;10950;546500
Kepler-150 b;CONFIRMED;10000;3428062976;121;11310;555900
Kepler-545 b;CONFIRMED;10000;13249318912;286;8060;579900
NULL;CANDIDATE;10000;22409867264;73;4890;490000
Kepler-562 b;CONFIRMED;10000;18009321472;496;6580;581500
Kepler-563 b;CONFIRMED;10000;22184318976;318;5460;515700
Kepler-102 b;CONFIRMED;10000;5286920192;51;7920;490000
Kepler-583 b;CONFIRMED;10000;6510029824;278;10170;563800
Kepler-584 b;CONFIRMED;9960;35181056000;417;6640;652000
Kepler-184 d;CONFIRMED;10000;29022351360;255;5590;578800
Kepler-605 b;CONFIRMED;10000;3383540224;165;11330;530000
Kepler-605 c;CONFIRMED;9890;2358952448;96;12780;530000
Kepler-185 c;CONFIRMED;10000;20729042944;194;5300;497900
Kepler-185 b;CONFIRMED;10000;1632916480;113;12370;497900
NULL;CANDIDATE;9890;11143809024;75;9060;609500
Kepler-546 b;CONFIRMED;9220;4147021312;731;12580;581800
Kepler-151 b;CONFIRMED;10000;15228955648;300;6390;545600
Kepler-151 c;CONFIRMED;10000;24674582528;233;5440;545600
NULL;CANDIDATE;8620;32526673920;126;5250;566800
NULL;CANDIDATE;10000;10329065472;617;9080;622800
Kepler-564 b;CONFIRMED;10000;3750832896;461;11290;577600
Kepler-163 c;CONFIRMED;10000;21347366912;320;6480;539500
Kepler-163 b;CONFIRMED;9980;7811009536;136;9060;539500
Kepler-565 b;CONFIRMED;10000;4243748096;316;10630;587300
Kepler-585 b;CONFIRMED;10000;2752359680;254;11780;546100
Kepler-174 b;CONFIRMED;10000;13981778944;209;5530;485900
Kepler-174 c;CONFIRMED;10000;44000399360;156;3770;485900
Kepler-174 d;CONFIRMED;9960;247354916864;229;2120;485900
NULL;CANDIDATE;9970;207582937088;452;4530;668800
Kepler-186 c;CONFIRMED;10000;7267311104;114;4640;375100
Kepler-186 d;CONFIRMED;10000;13343002624;129;3790;375100
Kepler-186 b;CONFIRMED;10000;3886795008;97;5710;375100
NULL;CANDIDATE;9990;166787661824;703;3340;566300
Kepler-20 d;CONFIRMED;5630;77611442176;259;3970;546500
Kepler-152 b;CONFIRMED;10000;18207959040;308;5510;517600
NULL;CANDIDATE;9660;49537363968;148;5320;611800
NULL;CANDIDATE;10000;12706361344;275;6970;557300
Kepler-164 c;CONFIRMED;10000;10945777664;284;8810;588800
Kepler-164 d;CONFIRMED;9990;28986902528;270;6370;588800
NULL;CANDIDATE;10000;94886903808;424;4290;588800
Kepler-164 b;CONFIRMED;10000;5035056640;163;11410;588800
Kepler-175 b;CONFIRMED;10000;11903520768;256;8270;606300
Kepler-19 b;CONFIRMED;10000;9286964224;210;7620;554600
Kepler-175 c;CONFIRMED;10000;34035060736;276;5830;606300
Kepler-176 c;CONFIRMED;10000;12759345152;258;6330;496300
Kepler-176 b;CONFIRMED;10000;5433133056;161;8410;496300
Kepler-187 c;CONFIRMED;10000;10640209920;287;9630;611200
Kepler-187 b;CONFIRMED;10000;4938831360;144;12440;611200
Kepler-188 c;CONFIRMED;10000;5996533248;296;10250;562200
Kepler-188 b;CONFIRMED;9990;2061908608;163;14630;562200
Kepler-189 c;CONFIRMED;10000;20134899712;298;5440;496300
NULL;CANDIDATE;9980;24072165376;110;4000;435200
Kepler-152 c;CONFIRMED;7660;88255373312;296;3260;517600
Kepler-547 b;CONFIRMED;10000;6010383360;380;7680;488200
NULL;CANDIDATE;5530;80881754112;227;5810;593400
Kepler-165 b;CONFIRMED;10000;8180894720;210;7160;508100
Kepler-165 c;CONFIRMED;10000;15312963584;234;5810;508100
Kepler-566 b;CONFIRMED;10000;18427949056;224;5260;476800
NULL;CANDIDATE;7610;5115750912;6074;12020;639800
NULL;CANDIDATE;10000;7189379072;1194;10260;621400
Kepler-223 d;CONFIRMED;10000;14787672064;346;8270;581400
Kepler-625 c;CONFIRMED;9960;4165367552;100;10480;560400
Kepler-626 b;CONFIRMED;10000;14485848064;288;7840;578400
Kepler-627 b;CONFIRMED;10000;40699207680;320;6850;641900
Kepler-628 b;CONFIRMED;9990;15458056192;911;8710;586800
NULL;CANDIDATE;10000;278124396544;586;2860;579900
NULL;CANDIDATE;10000;4034914304;695;14520;554800
Kepler-644 b;CONFIRMED;10000;3173914112;307;16550;643200
NULL;CANDIDATE;9520;52513550336;1243;4720;558900
NULL;CANDIDATE;10000;4178386688;313;14300;574600
Kepler-223 c;CONFIRMED;9940;9848246272;268;9470;581400
Kepler-223 e;CONFIRMED;10000;19724367872;357;7510;581400
Kepler-104 d;CONFIRMED;9780;51755307008;261;5150;597900
NULL;CANDIDATE;9570;16298220544;78;3880;390500
Kepler-223 b;CONFIRMED;9920;7384432640;242;10420;581400
Kepler-629 b;CONFIRMED;10000;7238581760;134;8160;541100
Kepler-630 b;CONFIRMED;9990;161474674688;325;3430;576100
NULL;CANDIDATE;10000;16719873024;252;7670;602000
Kepler-645 b;CONFIRMED;10000;3275822080;354;17300;618500
Kepler-646 b;CONFIRMED;10000;15873609728;153;6320;565600
NULL;CANDIDATE;8820;12386046976;111;6790;512100
NULL;CANDIDATE;10000;29666316288;283;6440;595600
Kepler-647 b;CONFIRMED;10000;16225497088;121;7880;595600
Kepler-656 b;CONFIRMED;10000;1260258816;357;15690;555000
NULL;CANDIDATE;9660;3295345664;123;11390;555000
NULL;CANDIDATE;9920;5254493696;141;9750;555000
Kepler-224 c;CONFIRMED;10000;5924994048;315;7580;501600
Kepler-224 d;CONFIRMED;10000;11349348352;239;6100;501600
Kepler-199 b;CONFIRMED;10000;23642195968;290;5950;575000
Kepler-199 c;CONFIRMED;9540;67093065728;351;4200;575000
Kepler-631 b;CONFIRMED;10000;17979797504;289;8280;614100
Kepler-632 b;CONFIRMED;10000;30996641792;243;5000;532400
Kepler-213 b;CONFIRMED;10000;2462344192;133;13260;573600
Kepler-213 c;CONFIRMED;10000;4822969344;222;10600;573600
Kepler-214 c;CONFIRMED;9970;28779644928;195;6190;600000
Kepler-214 b;CONFIRMED;10000;15660576768;205;7580;600000
Kepler-648 b;CONFIRMED;10000;17421160448;311;6740;567900
Kepler-224 b;CONFIRMED;10000;3132953600;139;9370;501600
Kepler-224 e;CONFIRMED;10000;18643499008;214;5170;501600
Kepler-657 b;CONFIRMED;10000;24543457280;308;6160;595500
Kepler-466 b;CONFIRMED;9900;51079266304;275;5030;583300
NULL;CANDIDATE;9740;70278094848;254;4340;595500
NULL;CANDIDATE;10000;9966400512;1689;15780;663800
NULL;CANDIDATE;10000;14851855360;273;4570;412900
Kepler-649 b;CONFIRMED;10000;29907218432;216;5640;573900
NULL;CANDIDATE;1930;7033801216;261;13200;612200
NULL;CANDIDATE;5290;56391061504;358;3100;440600
Kepler-650 b;CONFIRMED;9550;3032147968;362;15070;582700
Kepler-103 b;CONFIRMED;10000;15965327360;333;8720;588000
NULL;CANDIDATE;10000;22342135808;519;5260;523700
Kepler-225 c;CONFIRMED;10000;18794184704;233;4120;412600
Kepler-225 b;CONFIRMED;10000;6738935296;144;5790;412600
Kepler-29 b;CONFIRMED;10000;10339240960;298;7770;573000
Kepler-633 b;CONFIRMED;8860;8503392256;195;10210;587700
NULL;CANDIDATE;10000;23783208960;201;7250;587700
Kepler-634 b;CONFIRMED;10000;5169497088;206;13090;601100
Kepler-215 d;CONFIRMED;10000;30864365568;223;5270;567700
Kepler-215 b;CONFIRMED;10000;9360596992;142;7840;567700
Kepler-215 c;CONFIRMED;9970;14667229184;121;6750;567700
Kepler-215 e;CONFIRMED;9760;68160991232;145;4050;567700
Kepler-29 c;CONFIRMED;10000;13286899712;278;7150;573000
Kepler-658 b;CONFIRMED;9990;1287076736;139;8710;373600
NULL;CANDIDATE;9980;61858947072;247;6990;552900
Kepler-659 b;CONFIRMED;10000;17671772160;244;5130;486900
Kepler-635 b;CONFIRMED;10000;23449704448;271;8020;618800
NULL;CANDIDATE;10000;1735136128;327;15540;575100
NULL;CANDIDATE;10000;11954745344;515;9060;505900
Kepler-636 b;CONFIRMED;10000;16080657408;443;6140;530300
Kepler-62 d;CONFIRMED;10000;18164072448;198;5080;492600
Kepler-62 b;CONFIRMED;10000;5714896896;133;7470;492600
Kepler-62 e;CONFIRMED;9940;122385866752;172;2690;492600
Kepler-103 c;CONFIRMED;10000;179609796608;547;3890;588000
Kepler-200 b;CONFIRMED;10000;8594818048;175;8540;567500
Kepler-200 c;CONFIRMED;10000;10222156800;172;8060;567500
Kepler-201 b;CONFIRMED;10000;25672155136;268;6830;603400
Kepler-201 c;CONFIRMED;9700;151885185024;247;3780;603400
NULL;CANDIDATE;10000;18396297216;247;5820;531600
Kepler-33 d;CONFIRMED;10000;21775681536;476;8530;590000
Kepler-33 f;CONFIRMED;9970;41028341760;392;6910;590000
Kepler-202 b;CONFIRMED;9920;4069425664;153;8020;467100
Kepler-202 c;CONFIRMED;10000;16282476544;188;5050;467100
Kepler-203 b;CONFIRMED;10000;3162692096;261;13080;582100
Kepler-33 e;CONFIRMED;9990;31784816640;355;7520;590000
Kepler-33 c;CONFIRMED;10000;13175560192;282;10090;590000
Kepler-33 b;CONFIRMED;9970;5668158464;185;13360;590000
Kepler-216 c;CONFIRMED;10000;17406652416;295;8140;608600
NULL;CANDIDATE;9520;3073651456;79;12150;606800
Kepler-203 c;CONFIRMED;10000;5370639360;254;10960;582100
Kepler-203 d;CONFIRMED;10000;11329770496;137;8550;582100
Kepler-637 b;CONFIRMED;9840;23205793792;586;10020;546000
Kepler-638 b;CONFIRMED;10000;6079719936;232;11110;546000
Kepler-204 b;CONFIRMED;10000;14400904192;271;8280;581500
Kepler-216 b;CONFIRMED;10000;7693636096;212;10690;608600
Kepler-651 b;CONFIRMED;10000;21385158656;217;5740;537600
Kepler-217 b;CONFIRMED;10000;5374932992;212;14130;616700
Kepler-217 c;CONFIRMED;10000;8586009600;184;12080;616700
NULL;CANDIDATE;9770;4501582336;73;6760;433900
Kepler-217 d;CONFIRMED;9990;3886888704;129;15740;616700
Kepler-621 b;CONFIRMED;10000;2628117248;177;7370;393900
NULL;CANDIDATE;9170;5065468928;62;5920;393900
NULL;CANDIDATE;10000;5893991424;1116;9400;571300
Kepler-204 c;CONFIRMED;9590;25661380608;178;6830;581500
Kepler-639 b;CONFIRMED;10000;10214188032;229;9570;584300
Kepler-205 b;CONFIRMED;730;2755637248;137;7570;412100
NULL;CANDIDATE;10000;14910951424;262;6940;565000
Kepler-205 c;CONFIRMED;80;20306528256;158;3890;412100
Kepler-218 c;CONFIRMED;4830;44699656192;305;5000;549700
Kepler-218 b;CONFIRMED;9720;3619309824;147;11560;549700
Kepler-218 d;CONFIRMED;7720;124524519424;269;3560;549700
NULL;CANDIDATE;6750;7672084480;72;8750;597200
Kepler-622 b;CONFIRMED;10000;14282280960;182;4460;410200
NULL;CANDIDATE;10000;3251659008;983;13840;636700
Kepler-89 b;CONFIRMED;9990;3743166720;150;14230;618100
Kepler-206 c;CONFIRMED;10000;13137477632;185;8250;576200
Kepler-206 b;CONFIRMED;9990;7781998592;132;9830;576200
Kepler-206 d;CONFIRMED;10000;23443374080;129;6810;576200
Kepler-207 d;CONFIRMED;10000;5868066304;360;12540;591800
Kepler-207 b;CONFIRMED;10000;1611890432;172;19300;591800
Kepler-465 b;CONFIRMED;10000;9940666368;287;9960;621500
Kepler-652 b;CONFIRMED;10000;4182001920;246;9740;532800
NULL;CANDIDATE;5730;66477621248;183;3880;551500
NULL;CANDIDATE;10000;26893160448;678;6140;609600
Kepler-653 b;CONFIRMED;10000;14707494912;204;8190;567600
Kepler-196 b;CONFIRMED;10000;20739893248;211;5360;513200
Kepler-196 c;CONFIRMED;9980;47427710976;233;4070;513200
Kepler-434 b;CONFIRMED;10000;12874712064;1126;9260;596300
Kepler-207 c;CONFIRMED;10000;3071552768;165;15560;591800
Kepler-640 b;CONFIRMED;10000;22248146944;272;6090;562900
NULL;CANDIDATE;9870;702739648;73;17650;526900
NULL;CANDIDATE;10;4305219072;1034;11190;578000
Kepler-94 b;CONFIRMED;10000;2508057600;325;9970;478000
Kepler-653 c;CONFIRMED;10000;900375936;82;20780;567600
Kepler-219 b;CONFIRMED;10000;4585466880;329;13070;578800
Kepler-219 c;CONFIRMED;10000;22714433536;401;7660;578800
Kepler-219 d;CONFIRMED;9970;47903428608;355;5980;578800
Kepler-220 c;CONFIRMED;10000;9034190848;180;5860;449900
NULL;CANDIDATE;9280;1433339648;208;16770;607700
Kepler-623 b;CONFIRMED;10000;9070982144;294;8250;567200
NULL;CANDIDATE;6910;2879243264;2102;12440;594100
Kepler-51 b;CONFIRMED;9780;45155356672;765;5230;604600
Kepler-641 b;CONFIRMED;10000;9489654784;216;9260;567200
Kepler-208 b;CONFIRMED;10000;4228652288;183;13790;596600
Kepler-208 c;CONFIRMED;9990;7466620928;165;11410;596600
Kepler-208 e;CONFIRMED;9920;16259519488;172;8800;596600
Kepler-208 d;CONFIRMED;10000;11131790336;147;9990;596600
Kepler-220 d;CONFIRMED;9970;28122439680;90;4010;449900
Kepler-104 b;CONFIRMED;9990;11427551232;235;8520;597900
Kepler-220 e;CONFIRMED;9990;45902974976;118;3410;449900
Kepler-220 b;CONFIRMED;10000;4159816448;86;7590;449900
Kepler-221 c;CONFIRMED;10000;5690591744;310;8600;524400
Kepler-7 b;CONFIRMED;9990;4885488640;1666;14960;603600
Kepler-51 d;CONFIRMED;10000;130178031616;1044;3670;604600
Kepler-51 c;CONFIRMED;9700;85316198400;634;4230;604600
NULL;CANDIDATE;10000;155042267136;2644;5110;499400
Kepler-197 c;CONFIRMED;2840;10349732864;144;9300;600300
Kepler-209 b;CONFIRMED;10000;16087862272;256;6680;550600
Kepler-209 c;CONFIRMED;10000;41749385216;294;4860;550600
Kepler-642 b;CONFIRMED;10000;4417462784;395;18100;657000
Kepler-463 b;CONFIRMED;10000;8981014528;314;8800;566600
Kepler-643 b;CONFIRMED;10000;16338880512;1047;9630;487700
Kepler-221 d;CONFIRMED;10000;10041572352;297;7120;524400
Kepler-221 e;CONFIRMED;10000;18369746944;358;5820;524400
Kepler-654 b;CONFIRMED;10000;13724626944;213;8310;581700
Kepler-655 b;CONFIRMED;9950;46406258688;266;5880;608600
Kepler-197 d;CONFIRMED;9850;15677501440;142;8100;600300
Kepler-197 b;CONFIRMED;9730;5599315456;122;11420;600300
Kepler-197 e;CONFIRMED;9920;25210013696;95;6910;600300
Kepler-198 b;CONFIRMED;10000;17790017536;270;6550;556900
Kepler-198 c;CONFIRMED;9990;49567408128;291;4650;556900
Kepler-14 b;CONFIRMED;9940;6790120960;986;14340;637200
Kepler-210 c;CONFIRMED;3780;7972510208;322;4970;391200
Kepler-210 b;CONFIRMED;10000;2453236224;226;7370;391200
Kepler-211 c;CONFIRMED;10000;6040462336;130;8410;529700
Kepler-211 b;CONFIRMED;10000;4138528256;130;9540;529700
Kepler-222 b;CONFIRMED;10000;3936993024;336;10040;543100
Kepler-222 d;CONFIRMED;10000;28081860608;363;5220;543100
Kepler-104 c;CONFIRMED;10000;23668346880;232;6680;597900
Kepler-222 c;CONFIRMED;10000;10088810496;471;7340;543100
NULL;CANDIDATE;8720;60458442752;159;5110;586500
Kepler-198 d;CONFIRMED;10000;1311842944;143;15620;556900
NULL;CANDIDATE;10000;38138531840;6875;8730;648100
Kepler-624 b;CONFIRMED;10000;14586499072;245;8520;606300
NULL;CANDIDATE;9940;8029201920;99;10400;606300
Kepler-625 b;CONFIRMED;10000;7751927296;189;8520;560400
Kepler-212 c;CONFIRMED;9950;31804760064;299;6640;586700
Kepler-212 b;CONFIRMED;7670;16258027520;92;8300;586700
Kepler-435 b;CONFIRMED;9990;8600154112;2652;17030;609300
NULL;CANDIDATE;9880;126557192192;459;5240;650100
Kepler-379 b;CONFIRMED;9270;20098367488;158;7750;605300
NULL;CANDIDATE;9820;2417500160;119;15070;557500
NULL;CANDIDATE;9720;4033574400;123;12700;557500
NULL;CANDIDATE;8950;7664629248;160;11060;564000
NULL;CANDIDATE;10000;9688721408;309;10140;645700
Kepler-1546 b;CONFIRMED;4020;19597316096;378;6710;556900
NULL;CANDIDATE;9090;13062435840;136;5270;452200
Kepler-1557 b;CONFIRMED;9870;3740317184;138;12870;626000
Kepler-1547 b;CONFIRMED;10000;692978432;224;31860;610500
NULL;CANDIDATE;9990;487656288;99;22990;595700
Kepler-1178 b;CONFIRMED;9890;31805513728;63;3780;472900
NULL;CANDIDATE;10000;3254246400;96;12200;569200
Kepler-1558 b;CONFIRMED;9990;3504723456;80;10190;511500
Kepler-1548 b;CONFIRMED;9950;124827795456;257;3500;534900
NULL;CANDIDATE;9610;9546992640;171;9960;627400
NULL;CANDIDATE;9940;14708640768;182;8620;627400
NULL;CANDIDATE;10000;31335108608;199;6660;640400
Kepler-1549 b;CONFIRMED;8200;214881452032;268;2860;532300
NULL;CANDIDATE;9720;4850189824;110;10980;603200
NULL;CANDIDATE;9980;3823156992;77;12820;620200
NULL;CANDIDATE;9970;13603208192;75;3970;378000
Kepler-1154 c;CONFIRMED;9920;8458051072;252;11170;617200
Kepler-440 b;CONFIRMED;10000;101110702080;161;2290;413300
NULL;CANDIDATE;10000;9842620416;241;8010;558500
Kepler-154 c;CONFIRMED;9150;62302687232;305;4540;568800
Kepler-368 c;CONFIRMED;10;72382701568;421;5750;550800
NULL;CANDIDATE;8480;7235313152;153;12070;642200
Kepler-1550 b;CONFIRMED;9580;225585250304;371;3480;592900
Kepler-1551 b;CONFIRMED;9660;24497268736;274;7220;639200
NULL;CANDIDATE;9690;64186224640;800;8390;695100
NULL;CANDIDATE;10000;4626028544;165;10120;583400
NULL;CANDIDATE;10000;8934848512;183;11240;668800
NULL;CANDIDATE;9940;4932119552;102;13720;642200
NULL;CANDIDATE;9990;4858194432;204;16850;610900
Kepler-1541 b;CONFIRMED;9880;8406930432;195;10480;536500
NULL;CANDIDATE;9880;3399048192;81;11910;576600
NULL;CANDIDATE;10000;626281792;176;17110;492200
NULL;CANDIDATE;9670;1183505024;80;12930;483200
NULL;CANDIDATE;9850;2790643456;99;8160;435300
Kepler-1559 b;CONFIRMED;9870;971915968;79;16090;519600
Kepler-1560 b;CONFIRMED;9870;3031968000;90;12690;575500
NULL;CANDIDATE;10000;15904240640;379;8630;558300
NULL;CANDIDATE;9930;1121733376;239;23840;502300
NULL;CANDIDATE;9960;4950606336;128;8850;543100
Kepler-1542 b;CONFIRMED;10000;3951166464;83;11600;557400
Kepler-1542 c;CONFIRMED;9930;2892239872;70;12870;557400
Kepler-1552 b;CONFIRMED;9990;184772706304;241;2680;527300
NULL;CANDIDATE;5140;59284062208;181;4010;522500
Kepler-1543 b;CONFIRMED;1000;6967049216;614;17740;630300
Kepler-1544 b;CONFIRMED;9650;168811331584;169;2410;479800
Kepler-371 c;CONFIRMED;9790;67968655360;171;4430;567000
NULL;CANDIDATE;9640;215956013056;336;3610;616300
NULL;CANDIDATE;9980;2008706944;55;12320;534100
NULL;CANDIDATE;9990;655939776;148;24110;496800
Kepler-372 d;CONFIRMED;9760;30089945088;225;6600;605600
NULL;CANDIDATE;1960;1398627584;239;35620;787200
Kepler-154 f;CONFIRMED;9970;9919377408;132;8380;568800
Kepler-1165 b;CONFIRMED;10000;9478508544;147;9460;624900
Kepler-1553 b;CONFIRMED;10000;4242630912;110;9260;507200
Kepler-1545 b;CONFIRMED;9960;163692331008;275;2740;499900
NULL;CANDIDATE;9650;110461747200;193;4200;632100
Kepler-1554 b;CONFIRMED;9950;198088867840;324;2880;527500
NULL;CANDIDATE;10000;44622671872;173;6130;619800
NULL;CANDIDATE;9850;1419758336;85;17000;592500
NULL;CANDIDATE;9990;169135063040;221;2730;517100
NULL;CANDIDATE;8380;3951383040;2351;10830;557000
Kepler-372 b;CONFIRMED;9970;6849787392;183;10810;605600
NULL;CANDIDATE;7750;80769892352;187;4750;496500
Kepler-378 c;CONFIRMED;800;28906051584;79;4140;465700
Kepler-1555 b;CONFIRMED;10000;8105035264;145;9590;620100
Kepler-1556 b;CONFIRMED;9910;8827157504;167;7970;555000
NULL;CANDIDATE;9010;225262125056;236;3290;579900
NULL;CANDIDATE;10000;2314823168;69;12370;524000
NULL;CANDIDATE;10000;10778312704;125;10670;672600
NULL;CANDIDATE;9880;27210680320;173;7250;597300
NULL;CANDIDATE;9940;4327109120;2660;13970;577600
NULL;CANDIDATE;9990;14265154560;106;8530;582500
NULL;CANDIDATE;10000;5044043776;147;10780;603900
Kepler-1602 b;CONFIRMED;9940;11179316224;181;11590;629200
NULL;CANDIDATE;9860;1166960256;88;15960;563200
NULL;CANDIDATE;10000;701944384;80;12270;423600
NULL;CANDIDATE;9990;3057726720;123;8780;448300
NULL;CANDIDATE;10000;9909211136;235;6930;539600
Kepler-1580 b;CONFIRMED;9790;56644452352;244;7330;623700
NULL;CANDIDATE;9500;6392697856;121;8900;524800
Kepler-1592 b;CONFIRMED;10000;3057098240;99;12020;602100
NULL;CANDIDATE;9530;7878457344;78;9890;576700
Kepler-1569 b;CONFIRMED;9560;5791799296;169;12220;617400
Kepler-186 f;CONFIRMED;6770;129945395200;118;1770;375100
NULL;CANDIDATE;6380;27904051200;219;6770;632500
NULL;CANDIDATE;10000;17807564800;392;7420;619400
NULL;CANDIDATE;7570;3750304768;87;13740;586600
NULL;CANDIDATE;10000;259819664;122;15590;393900
NULL;CANDIDATE;9780;4726931456;61;12030;595000
NULL;CANDIDATE;10000;10098963456;103;10160;617400
Kepler-1570 b;CONFIRMED;8680;26548729856;254;8360;545600
NULL;CANDIDATE;10000;492291648;342;17880;497100
NULL;CANDIDATE;10000;13122972672;129;10300;613400
Kepler-1581 b;CONFIRMED;9990;6283841024;73;11080;588800
NULL;CANDIDATE;5360;22790924288;138;8620;631100
Kepler-1593 b;CONFIRMED;9760;174510276608;174;1860;436700
NULL;CANDIDATE;10000;681180608;297;27820;493900
Kepler-1603 b;CONFIRMED;9850;2271649536;97;15220;627400
NULL;CANDIDATE;9540;9087452160;73;9800;588800
Kepler-436 b;CONFIRMED;9970;64001966080;248;3220;465200
Kepler-1582 b;CONFIRMED;9140;4838094848;79;3540;318700
Kepler-1583 b;CONFIRMED;9950;9328191488;59;7880;552500
NULL;CANDIDATE;9480;106957463552;240;3940;607500
NULL;CANDIDATE;10000;629001472;81;33750;673900
Kepler-1594 b;CONFIRMED;9950;2716036608;105;13600;601100
NULL;CANDIDATE;9740;75878137856;339;4170;557900
NULL;CANDIDATE;9690;147661733888;159;1760;378800
NULL;CANDIDATE;9120;13002916864;128;7100;579600
Kepler-1571 b;CONFIRMED;9960;3385574400;163;14760;571800
Kepler-1584 b;CONFIRMED;10000;13399755776;151;8860;640100
NULL;CANDIDATE;9920;2493853440;59;12510;561500
NULL;CANDIDATE;9990;18222116864;745;6200;516200
Kepler-1595 b;CONFIRMED;10000;4563836928;122;9800;540800
NULL;CANDIDATE;8870;16534002688;117;8190;605200
Kepler-1604 b;CONFIRMED;9960;341842016;172;20230;501600
NULL;CANDIDATE;9700;13948219392;253;10630;552900
NULL;CANDIDATE;9880;5675780096;122;13570;668100
NULL;CANDIDATE;9980;49564692480;163;5880;590700
Kepler-1572 b;CONFIRMED;8770;5495485440;130;12930;615700
NULL;CANDIDATE;8540;2894947072;116;19190;708700
Kepler-391 c;CONFIRMED;9950;20485388288;360;10150;493800
Kepler-1585 b;CONFIRMED;10000;3582738432;164;10640;544800
Kepler-1586 b;CONFIRMED;9990;15604841472;157;10130;625400
NULL;CANDIDATE;9710;170995744768;490;4630;612700
NULL;CANDIDATE;9980;19565080576;97;7910;618000
Kepler-386 b;CONFIRMED;10000;12310134784;151;6510;500900
Kepler-1573 b;CONFIRMED;9980;2615765248;106;13790;608800
Kepler-1574 b;CONFIRMED;9990;6942452224;134;10030;610800
NULL;CANDIDATE;9900;5533120000;105;13030;617000
Kepler-1587 b;CONFIRMED;9660;9406136320;114;9810;585500
Kepler-1596 b;CONFIRMED;9970;66373296128;199;4710;614300
Kepler-403 d;CONFIRMED;9480;13611650048;146;9580;617000
NULL;CANDIDATE;9970;17718978560;144;7130;556600
NULL;CANDIDATE;9770;6245646336;106;7310;485800
NULL;CANDIDATE;9810;7039651328;272;11710;590200
NULL;CANDIDATE;9840;4725191680;398;22500;665500
NULL;CANDIDATE;9970;66643456000;299;4760;575100
NULL;CANDIDATE;2980;160850067456;341;4130;599900
NULL;CANDIDATE;9950;122080493568;292;2970;513200
NULL;CANDIDATE;9800;6261422592;81;11460;638400
NULL;CANDIDATE;9780;14751006720;170;6290;529500
NULL;CANDIDATE;10000;3703867392;86;10120;549600
NULL;CANDIDATE;9260;19875135488;249;10610;691800
NULL;CANDIDATE;10000;5943734784;114;6740;439100
Kepler-1605 b;CONFIRMED;8950;85756788736;299;5280;503700
NULL;CANDIDATE;10000;2186601984;98;10990;490400
Kepler-1575 b;CONFIRMED;9920;2553150208;125;13120;597000
Kepler-1245 c;CONFIRMED;10000;2936588032;177;11900;545500
NULL;CANDIDATE;9960;145786552320;182;3310;557800
NULL;CANDIDATE;9860;10776994816;115;7520;545500
NULL;CANDIDATE;7700;2509334528;147;14830;627800
Kepler-1588 b;CONFIRMED;9900;7849318912;81;9250;567800
NULL;CANDIDATE;8480;24560711680;113;7870;617000
Kepler-1597 b;CONFIRMED;10000;2946489344;89;14970;648100
NULL;CANDIDATE;9650;24668383232;176;7880;605900
Kepler-1576 b;CONFIRMED;3640;6984721408;119;10590;583900
NULL;CANDIDATE;9380;14816292864;157;9120;635600
Kepler-1598 b;CONFIRMED;9990;4341953024;94;12360;616400
Kepler-1599 b;CONFIRMED;9970;122358112256;215;4070;599800
NULL;CANDIDATE;10000;7298142208;160;7860;511900
NULL;CANDIDATE;9670;18501089280;162;5550;524200
NULL;CANDIDATE;10000;7016015872;172;11380;664200
NULL;CANDIDATE;9640;42068553728;132;5410;612200
NULL;CANDIDATE;10000;1121634816;60;12250;451800
NULL;CANDIDATE;10000;6239684096;155;10600;575100
Kepler-1254 c;CONFIRMED;9980;3600828672;136;9270;483800
NULL;CANDIDATE;9990;15571411968;72;3990;387200
NULL;CANDIDATE;9800;3596450816;166;13270;588700
NULL;CANDIDATE;5540;20657944576;127;7280;546800
NULL;CANDIDATE;5710;16336886784;127;6420;541000
NULL;CANDIDATE;10000;1636682624;10399;25620;523400
NULL;CANDIDATE;5790;11615625216;284;9050;533200
Kepler-430 c;CONFIRMED;9470;110978269184;186;4630;588300
NULL;CANDIDATE;9990;6080037376;107;8080;499100
NULL;CANDIDATE;9920;3035206144;359;11430;550500
Kepler-1577 b;CONFIRMED;9740;6305583616;252;11250;493400
NULL;CANDIDATE;7000;41675751424;210;6900;574500
NULL;CANDIDATE;8680;609926528;112;21410;593600
Kepler-1589 b;CONFIRMED;9920;991659648;119;21020;611700
NULL;CANDIDATE;9900;49474695168;162;4980;595200
NULL;CANDIDATE;9360;1628882688;92;13270;539800
NULL;CANDIDATE;5280;1920062592;112;11890;526600
NULL;CANDIDATE;9920;6963527168;140;12980;604000
Kepler-1562 b;CONFIRMED;9970;64272908288;538;5540;634100
Kepler-1563 b;CONFIRMED;9310;3432737024;75;11340;575700
NULL;CANDIDATE;8850;909127744;98;18180;548600
Kepler-1578 b;CONFIRMED;7410;1450889856;121;17000;604600
Kepler-1254 d;CONFIRMED;9940;5727160832;140;7940;483800
NULL;CANDIDATE;9390;10301485056;160;9340;588700
NULL;CANDIDATE;9140;17800781824;102;8160;624000
NULL;CANDIDATE;9070;1717859840;145;22120;669400
NULL;CANDIDATE;9790;7342246912;160;8370;557300
NULL;CANDIDATE;9350;8113467904;92;11270;601100
Kepler-446 c;CONFIRMED;9470;3036208640;140;5200;346400
Kepler-1564 b;CONFIRMED;10000;18054146048;151;6350;550500
NULL;CANDIDATE;9910;5467551232;107;10780;555700
NULL;CANDIDATE;8400;94180474880;417;4780;699700
Kepler-1565 b;CONFIRMED;9960;1538185344;129;12340;510700
NULL;CANDIDATE;7540;2442323968;110;10290;484900
Kepler-1590 b;CONFIRMED;9940;7617582080;100;10200;620200
NULL;CANDIDATE;9580;42100334592;142;4660;559500
Kepler-1601 b;CONFIRMED;9950;2209231104;84;15070;599100
NULL;CANDIDATE;10000;5883502592;127;9490;584000
Kepler-1566 b;CONFIRMED;1460;539915008;82;18710;510200
NULL;CANDIDATE;9510;2208296448;136;17090;602800
Kepler-1579 b;CONFIRMED;9960;849906752;59;11390;429600
NULL;CANDIDATE;9980;26656573440;415;9030;515900
Kepler-1591 b;CONFIRMED;9980;8185048576;93;8920;598400
Kepler-392 c;CONFIRMED;10000;10423173120;107;9010;576700
NULL;CANDIDATE;10000;1867994240;70;12910;548700
NULL;CANDIDATE;6940;8917285888;139;9310;621000
NULL;CANDIDATE;10000;1338070784;60;20080;635500
NULL;CANDIDATE;9170;56414830592;290;5350;632500
Kepler-1568 b;CONFIRMED;9740;20925409280;126;7290;582100
Kepler-390 c;CONFIRMED;9050;13060039680;80;6300;516800
NULL;CANDIDATE;9990;17373181952;131;9010;618000
NULL;CANDIDATE;9720;1975074304;108;14770;606500
Kepler-1617 b;CONFIRMED;8960;27478466560;152;7360;543200
NULL;CANDIDATE;9650;3387916544;109;13360;570200
NULL;CANDIDATE;10000;10813154304;146;10450;638000
NULL;CANDIDATE;10000;58748862464;175;4250;557400
NULL;CANDIDATE;6510;64740274176;135;5180;599900
NULL;CANDIDATE;8980;5382992896;78;12530;625600
NULL;CANDIDATE;9800;2048158208;116;13460;579900
NULL;CANDIDATE;9340;140251938816;184;2710;482100
NULL;CANDIDATE;9860;14717934592;125;7840;610200
Kepler-441 b;CONFIRMED;9750;207247851520;156;1890;433900
NULL;CANDIDATE;10000;5990782464;103;9870;572100
NULL;CANDIDATE;10000;19252764672;124;7400;625800
NULL;CANDIDATE;10000;2297948160;98;15470;637100
Kepler-444 c;CONFIRMED;10000;4545869824;65;8680;505100
NULL;CANDIDATE;9800;3487540992;72;9880;525200
NULL;CANDIDATE;9710;8077245440;261;12280;568400
NULL;CANDIDATE;9990;5756519424;83;10890;620800
NULL;CANDIDATE;9800;91957231616;266;4970;585400
NULL;CANDIDATE;9440;7517317632;119;8610;552500
NULL;CANDIDATE;10000;44696616960;246;6370;592900
NULL;CANDIDATE;9650;8527589376;128;10490;646900
NULL;CANDIDATE;10000;3077142016;108;14930;610800
NULL;CANDIDATE;10000;3834883584;120;10030;551500
Kepler-1609 b;CONFIRMED;9440;114336055296;209;4290;580200
NULL;CANDIDATE;9720;8823399424;113;9290;560200
Kepler-1613 b;CONFIRMED;9970;1518418048;185;19260;630200
NULL;CANDIDATE;8720;40069148672;1325;4580;548500
NULL;CANDIDATE;10000;11693344768;112;9500;604900
NULL;CANDIDATE;9980;4027453952;98;12500;617400
NULL;CANDIDATE;9170;4960610816;59;12720;611700
NULL;CANDIDATE;4460;1473324544;103;15760;575100
Kepler-1620 b;CONFIRMED;6650;101952045056;131;4280;621000
NULL;CANDIDATE;10000;5932182016;139;10000;584300
NULL;CANDIDATE;9670;96384483328;241;4000;591900
NULL;CANDIDATE;10000;6055520256;92;8440;535200
Kepler-62 c;CONFIRMED;9890;12441800704;57;5760;492600
NULL;CANDIDATE;6030;54333583360;170;5130;550000
NULL;CANDIDATE;10000;4117544192;102;15810;626300
Kepler-1614 b;CONFIRMED;10000;3946607360;140;9810;537600
NULL;CANDIDATE;10000;122749050880;613;3480;561900
NULL;CANDIDATE;9850;4379923456;81;16080;631100
NULL;CANDIDATE;8000;3708585984;133;9950;542000
NULL;CANDIDATE;9980;9452772352;130;8320;597300
NULL;CANDIDATE;8940;4363831296;108;9760;562300
Kepler-444 d;CONFIRMED;10000;6189439488;65;7830;505100
NULL;CANDIDATE;10000;6830062080;109;8820;580700
NULL;CANDIDATE;9830;17162258432;2242;6740;572900
NULL;CANDIDATE;10000;5198986240;104;10350;605800
Kepler-1610 b;CONFIRMED;8060;8701796352;137;7500;529500
NULL;CANDIDATE;9880;14744259584;810;7840;614600
NULL;CANDIDATE;9960;35017506816;213;6170;594400
Kepler-1615 b;CONFIRMED;9950;47312863232;371;6580;574900
Kepler-1618 b;CONFIRMED;9870;6108294656;106;12670;672000
NULL;CANDIDATE;10000;7545922048;68;10840;578800
NULL;CANDIDATE;10000;22599501824;96;7340;633500
NULL;CANDIDATE;10000;7281714176;259;10860;497000
NULL;CANDIDATE;10000;44985188352;209;4330;529500
NULL;CANDIDATE;10000;5890894848;154;9850;586900
NULL;CANDIDATE;9950;4130298368;144;9950;549000
NULL;CANDIDATE;8310;201325035520;198;4100;612000
NULL;CANDIDATE;10000;5593463808;143;10080;587400
NULL;CANDIDATE;9700;3449281024;123;9660;511900
NULL;CANDIDATE;9860;37904388096;197;6930;530300
NULL;CANDIDATE;9830;6882977792;77;11410;611700
NULL;CANDIDATE;8170;8796316672;136;8820;578000
NULL;CANDIDATE;10000;2049602304;108;12030;535600
NULL;CANDIDATE;8440;53285584896;144;5370;601500
NULL;CANDIDATE;9600;5894333952;61;10920;592900
NULL;CANDIDATE;8090;8119343104;150;7940;549000
Kepler-444 e;CONFIRMED;10000;7743477760;62;7270;505100
NULL;CANDIDATE;9880;18007144448;105;7990;617300
NULL;CANDIDATE;9970;5604731392;111;8660;540100
NULL;CANDIDATE;6860;2499153152;102;9830;470500
NULL;CANDIDATE;6950;105997107200;183;3730;606800
NULL;CANDIDATE;9930;6304323584;123;15100;672800
NULL;CANDIDATE;8420;3384198912;120;10740;561300
NULL;CANDIDATE;8420;1699991040;55;9340;428900
NULL;CANDIDATE;9700;1192600192;77;17260;560000
NULL;CANDIDATE;9420;12003678208;97;5030;432800
Kepler-1611 b;CONFIRMED;10000;5176249856;131;12430;557800
Kepler-1612 b;CONFIRMED;8720;3917946880;94;10300;550000
NULL;CANDIDATE;10000;6005996544;73;11300;610300
NULL;CANDIDATE;8280;4224269824;35;10690;573500
NULL;CANDIDATE;9990;56347951104;106;5860;584300
NULL;CANDIDATE;9390;19977859072;107;7730;639200
NULL;CANDIDATE;9610;17543847936;115;6580;595700
NULL;CANDIDATE;10000;3818371584;139;16830;673800
NULL;CANDIDATE;8350;9078291456;369;9840;508600
Kepler-444 f;CONFIRMED;10000;9740484608;95;6730;505100
NULL;CANDIDATE;6550;6410971648;140;8860;538300
Kepler-1616 b;CONFIRMED;5520;6762893312;121;13370;654700
NULL;CANDIDATE;7520;75211636736;283;5160;581800
NULL;CANDIDATE;9360;6362833920;112;9560;595500
NULL;CANDIDATE;10000;7537375232;93;12100;648300
NULL;CANDIDATE;5210;7576008704;54;7780;536100
NULL;CANDIDATE;9990;41868197888;125;4920;585200
NULL;CANDIDATE;9920;8617426944;101;7330;500900
Kepler-1606 b;CONFIRMED;10000;196436803584;233;2920;546200
NULL;CANDIDATE;8510;8830367744;132;6760;505100
NULL;CANDIDATE;8860;12857559040;123;8600;586000
NULL;CANDIDATE;7910;33502922752;108;6450;599900
NULL;CANDIDATE;8980;148568883200;597;5550;581400
NULL;CANDIDATE;9490;9333549056;169;10820;535400
NULL;CANDIDATE;8170;9540609024;175;7350;527100
NULL;CANDIDATE;9800;1809267328;89;14440;589700
NULL;CANDIDATE;9150;5044140032;118;8620;495400
NULL;CANDIDATE;9040;5369408512;62;9740;575300
NULL;CANDIDATE;9950;5656902656;74;11590;568700
NULL;CANDIDATE;9620;7429932032;181;10240;563500
NULL;CANDIDATE;8000;79334350848;156;5000;638400
NULL;CANDIDATE;8780;5682515968;103;10900;575300
NULL;CANDIDATE;10000;7991447040;153;9010;570000
NULL;CANDIDATE;6070;4526287360;102;10890;570000
NULL;CANDIDATE;9960;597018432;109;15780;498500
NULL;CANDIDATE;9550;4820251136;78;10180;603500
NULL;CANDIDATE;10000;12401926144;149;7130;555500
NULL;CANDIDATE;8820;152823889920;245;3950;645200
NULL;CANDIDATE;1560;358818906112;266;2620;605600
NULL;CANDIDATE;9720;284727214080;202;2780;549700
NULL;CANDIDATE;9240;30539292672;272;6690;580300
NULL;CANDIDATE;9960;8312244736;1063;8010;542100
NULL;CANDIDATE;9990;12636205056;110;7740;577200
NULL;CANDIDATE;9990;7940042752;98;10100;627800
NULL;CANDIDATE;9610;2858550528;123;12120;544100
NULL;CANDIDATE;10000;8952940544;86;10120;604700
NULL;CANDIDATE;9870;4843500032;90;11210;576200
NULL;CANDIDATE;9260;36761399296;152;4750;530500
NULL;CANDIDATE;9490;4373570560;123;7270;436200
NULL;CANDIDATE;9850;154674364416;229;3710;633800
NULL;CANDIDATE;9970;15951386624;117;8490;645100
NULL;CANDIDATE;9640;7785911296;68;9390;604500
NULL;CANDIDATE;9840;2942423296;142;10980;543600
NULL;CANDIDATE;9810;9848091648;88;7110;528900
NULL;CANDIDATE;9670;13091487744;79;8920;591900
NULL;CANDIDATE;7670;54081224704;154;4310;575700
Kepler-1607 b;CONFIRMED;3340;13647121408;125;9130;577100
Kepler-1608 b;CONFIRMED;9720;16473474048;163;6120;536400
NULL;CANDIDATE;9670;8529122304;208;9110;554300
NULL;CANDIDATE;9340;1962282624;81;14480;572600
NULL;CANDIDATE;9990;6454684672;138;12440;647400
NULL;CANDIDATE;8150;494247648;151;22570;576300
NULL;CANDIDATE;5060;11829938176;160;11770;574700
NULL;CANDIDATE;9990;5301797888;122;9730;574900
Kepler-444 b;CONFIRMED;10000;3600117248;50;9380;505100
NULL;CANDIDATE;9730;9328679936;162;8060;574900
NULL;CANDIDATE;10000;6386712064;119;8110;507100
NULL;CANDIDATE;10000;741768320;7236;33800;589700
NULL;CANDIDATE;10000;61083320320;161;4650;580300
NULL;CANDIDATE;9950;3594489088;98;11780;552300
NULL;CANDIDATE;10000;4860806144;121;9250;554100
NULL;CANDIDATE;9650;4044811520;67;13250;635800
Kepler-1459 b;CONFIRMED;9560;62869463040;196;3490;476200
Kepler-1460 b;CONFIRMED;9900;29963282432;224;3910;446300
Kepler-274 b;CONFIRMED;9710;11634860032;261;9610;557000
NULL;CANDIDATE;7940;4830236160;106;14530;508600
NULL;CANDIDATE;9030;56446464000;157;5220;599500
NULL;CANDIDATE;9610;31420211200;145;4710;526900
Kepler-1622 b;CONFIRMED;9190;10811831296;124;9220;602500
NULL;CANDIDATE;10000;5566766080;112;8590;503200
NULL;CANDIDATE;9890;5386137088;86;8460;551600
NULL;CANDIDATE;9650;13296504832;88;4880;435200
NULL;CANDIDATE;7530;21842030592;201;10160;619400
NULL;CANDIDATE;9690;876850368;135;25430;610200
NULL;CANDIDATE;10000;20710637568;112;6260;563100
Kepler-1461 b;CONFIRMED;9790;29349384192;202;4510;498700
NULL;CANDIDATE;9570;3436331264;144;9450;520100
NULL;CANDIDATE;9190;142703886336;195;4400;670100
NULL;CANDIDATE;8660;3380805376;169;13620;607200
NULL;CANDIDATE;9810;10471619584;174;10350;581200
NULL;CANDIDATE;10000;11495002112;153;11050;603300
NULL;CANDIDATE;7980;6787880960;244;16790;653700
NULL;CANDIDATE;10000;5474551808;140;11550;561100
NULL;CANDIDATE;10000;3438610688;101;13480;538300
NULL;CANDIDATE;8670;4875476480;80;11800;551300
Kepler-1462 b;CONFIRMED;9700;65649098752;252;3900;543600
Kepler-1463 b;CONFIRMED;10000;25159337984;176;6190;597300
NULL;CANDIDATE;9640;10507177984;141;7370;529000
Kepler-1464 b;CONFIRMED;10000;31778756608;150;5640;563800
NULL;CANDIDATE;5200;8849394688;82;9780;609500
NULL;CANDIDATE;9860;51567800320;130;4330;528500
NULL;CANDIDATE;6250;16449152000;275;10360;533400
NULL;CANDIDATE;8620;428046048;87;20170;528500
NULL;CANDIDATE;9960;6059198976;121;9760;573400
Kepler-450 d;CONFIRMED;9840;7514396672;96;11990;620600
Kepler-274 c;CONFIRMED;9120;33198176256;321;6780;557000
Kepler-1464 c;CONFIRMED;9600;5327841792;86;10230;563800
NULL;CANDIDATE;9880;71054573568;591;3900;529000
NULL;CANDIDATE;9040;20551272448;164;6070;540100
NULL;CANDIDATE;9690;7586158592;107;9280;593400
NULL;CANDIDATE;9650;772152064;444;29660;595100
NULL;CANDIDATE;8370;42049523712;119;3030;428100
NULL;CANDIDATE;9940;3199380736;62;10260;548300
NULL;CANDIDATE;9990;3041851648;71;11840;580200
NULL;CANDIDATE;9190;1898731904;93;15240;594200
Kepler-1443 b;CONFIRMED;9930;2418101504;85;16020;625800
NULL;CANDIDATE;8770;7130441216;118;14000;631200
Kepler-1444 b;CONFIRMED;9990;33420300288;246;5810;573100
NULL;CANDIDATE;10000;18093899776;191;6650;590400
NULL;CANDIDATE;10000;34952425472;2174;4290;492100
Kepler-1466 b;CONFIRMED;9740;31174830080;131;5850;608600
Kepler-1467 b;CONFIRMED;9960;47056846848;284;4110;528800
NULL;CANDIDATE;8190;15151640576;138;7360;578000
NULL;CANDIDATE;6250;17741230080;114;6840;581700
NULL;CANDIDATE;9840;2635276800;76;11360;521500
NULL;CANDIDATE;9240;147388121088;303;3560;604600
NULL;CANDIDATE;7980;4114973696;117;11370;601100
Kepler-1445 b;CONFIRMED;9730;10600520704;109;9870;603500
Kepler-1469 b;CONFIRMED;10000;21863462912;237;5510;538300
Kepler-296 f;CONFIRMED;9270;63335473152;118;2020;352600
NULL;CANDIDATE;8200;7501974528;119;7090;480700
NULL;CANDIDATE;9770;29120651264;160;5280;567100
Kepler-1446 b;CONFIRMED;10000;689967872;78;15390;487200
NULL;CANDIDATE;9610;6912615424;64;9810;576100
NULL;CANDIDATE;6220;25861605376;112;6130;606700
NULL;CANDIDATE;9500;13835396096;378;8090;602000
NULL;CANDIDATE;9550;18906091520;87;3360;375100
NULL;CANDIDATE;5560;25697069056;383;6580;602000
NULL;CANDIDATE;9870;19590610944;264;8190;579400
Kepler-1468 b;CONFIRMED;9940;8239830528;235;10930;579400
NULL;CANDIDATE;3330;2131660544;56;14380;584900
NULL;CANDIDATE;9930;5759021568;91;11120;624700
Kepler-437 b;CONFIRMED;9550;66650451968;156;3080;455000
Kepler-1468 c;CONFIRMED;9860;3545530880;162;14480;579400
NULL;CANDIDATE;9880;14319641600;206;8500;556200
NULL;CANDIDATE;7770;5273626624;89;10140;585100
NULL;CANDIDATE;7440;24504111104;103;5740;525000
NULL;CANDIDATE;9440;9972020224;126;6270;481000
Kepler-271 d;CONFIRMED;9750;5249704448;67;9540;552800
NULL;CANDIDATE;7360;40351170560;188;4790;566500
NULL;CANDIDATE;9230;72933277696;245;3890;531600
Kepler-1447 b;CONFIRMED;5020;56674668544;401;5220;554100
NULL;CANDIDATE;10000;12687817728;216;8510;625800
NULL;CANDIDATE;2300;483364044800;127;2020;570000
Kepler-1470 b;CONFIRMED;9930;16295126016;115;5740;491500
NULL;CANDIDATE;9940;12072975360;169;9690;543600
NULL;CANDIDATE;4140;82401271808;221;4210;588600
NULL;CANDIDATE;9950;11912566784;261;12420;633700
NULL;CANDIDATE;8750;4081977088;60;13720;653800
NULL;CANDIDATE;9880;912179008;65;10250;388000
Kepler-1448 b;CONFIRMED;10000;12270570496;167;8110;607500
Kepler-1449 b;CONFIRMED;9660;13227474944;194;8670;626900
NULL;CANDIDATE;9680;76879355904;771;2020;363800
NULL;CANDIDATE;8650;13015182336;136;5560;479400
NULL;CANDIDATE;9410;7281166848;140;7440;500800
NULL;CANDIDATE;9730;2879983360;85;10240;495100
Kepler-1623 b;CONFIRMED;9950;4361259008;120;10000;552000
NULL;CANDIDATE;7800;21086785536;208;6510;608400
NULL;CANDIDATE;10000;969824128;49;18390;578000
NULL;CANDIDATE;9870;5192065536;99;11700;632200
Kepler-1450 b;CONFIRMED;9900;54509154304;194;3080;440600
NULL;CANDIDATE;8950;17453293568;76;6390;552800
NULL;CANDIDATE;10000;14195961856;166;8180;621400
NULL;CANDIDATE;10000;11524829184;2256;7560;559200
NULL;CANDIDATE;8670;6702427648;182;13670;546600
NULL;CANDIDATE;9940;7795340288;107;9850;615600
NULL;CANDIDATE;1700;2401750016;65;6210;360600
NULL;CANDIDATE;8540;115238543360;317;3720;558900
NULL;CANDIDATE;9980;21743413248;223;7990;576700
NULL;CANDIDATE;9790;5679537664;116;14200;651400
NULL;CANDIDATE;10000;9339555840;267;8820;551600
NULL;CANDIDATE;9630;19548966912;189;5790;554900
NULL;CANDIDATE;10000;7418345472;112;8000;554900
Kepler-1451 b;CONFIRMED;9970;35622551552;224;5230;579900
Kepler-442 b;CONFIRMED;9930;112303136768;130;2410;440100
NULL;CANDIDATE;10000;92461137920;286;5640;513200
NULL;CANDIDATE;9980;49538727936;2052;4360;568300
NULL;CANDIDATE;8230;3391559680;49;11830;589600
NULL;CANDIDATE;4130;9229472768;82;6010;478100
NULL;CANDIDATE;8480;18372184064;112;6570;593700
NULL;CANDIDATE;9990;63095066624;1167;5730;662200
NULL;CANDIDATE;7950;21720336384;80;5940;552800
Kepler-1452 b;CONFIRMED;9940;42913665024;319;8100;604900
Kepler-443 b;CONFIRMED;8770;177668669440;232;2330;472100
Kepler-1621 b;CONFIRMED;9800;92263743488;222;4690;608400
NULL;CANDIDATE;9960;6647544832;172;9990;604600
NULL;CANDIDATE;8250;1976500736;97;13940;579200
NULL;CANDIDATE;9980;3798927616;146;18690;683100
NULL;CANDIDATE;9870;14740106240;148;7500;599900
Kepler-1442 b;CONFIRMED;8990;81416011776;463;5220;635200
NULL;CANDIDATE;9830;4730901504;139;10650;594100
NULL;CANDIDATE;5260;21376182272;108;7170;598400
NULL;CANDIDATE;10000;6587536896;151;9920;601400
NULL;CANDIDATE;10000;30827825152;242;5850;598200
Kepler-1453 b;CONFIRMED;10000;47160795136;258;5030;593600
Kepler-1455 b;CONFIRMED;9960;49276846080;175;2710;389900
Kepler-438 b;CONFIRMED;10000;35233071104;97;2880;374900
NULL;CANDIDATE;9770;36721577984;193;4980;566200
NULL;CANDIDATE;9990;96816472064;319;6550;640400
NULL;CANDIDATE;8780;4965049856;151;14030;533900
NULL;CANDIDATE;9710;1141148800;167;22480;543800
NULL;CANDIDATE;9210;12460565504;110;7260;543500
NULL;CANDIDATE;9330;19594577920;118;7240;611800
Kepler-1456 b;CONFIRMED;9450;18137378816;141;4330;425700
Kepler-1457 b;CONFIRMED;9490;51110477824;160;4780;596800
Kepler-1458 b;CONFIRMED;8340;47986913280;335;4930;564100
NULL;CANDIDATE;9640;7087574528;128;9550;606000
NULL;CANDIDATE;9780;5416930304;817;11730;635500
NULL;CANDIDATE;9890;31192023040;165;5210;567500
NULL;CANDIDATE;9900;7630544896;226;10870;640700
NULL;CANDIDATE;9420;6671672320;127;10240;608600
NULL;CANDIDATE;9290;17766293504;154;6700;572400
NULL;CANDIDATE;9760;11567225856;129;5680;459700
NULL;CANDIDATE;3810;631568859136;313;2370;638200
NULL;CANDIDATE;10000;4317242368;101;13320;599200
NULL;CANDIDATE;8640;3740991488;185;17330;511000
NULL;CANDIDATE;9870;302779826176;131;2460;573400
NULL;CANDIDATE;8460;21187618816;79;6760;635500
Kepler-328 b;CONFIRMED;9890;34916839424;239;6020;619400
NULL;CANDIDATE;10000;94094393344;90;4860;609900
Kepler-1480 b;CONFIRMED;9010;22127087616;394;7210;531200
NULL;CANDIDATE;9990;25373655040;188;6530;619500
NULL;CANDIDATE;9550;10085353472;145;8430;594700
NULL;CANDIDATE;10000;10285637632;124;8640;584100
Kepler-1499 b;CONFIRMED;9690;44201840640;114;4090;500200
NULL;CANDIDATE;7080;393956065280;227;2630;621700
Kepler-1500 b;CONFIRMED;9950;15033062400;218;9280;584900
NULL;CANDIDATE;9970;34749603840;351;7020;584900
NULL;CANDIDATE;9910;227834576896;283;4490;600400
NULL;CANDIDATE;9030;24352540672;152;4980;489100
Kepler-1481 b;CONFIRMED;9960;5942285824;123;7970;489100
NULL;CANDIDATE;3180;382303076352;405;4000;599300
NULL;CANDIDATE;9980;58126376960;132;4040;541300
NULL;CANDIDATE;9940;26757586944;228;6600;621500
Kepler-1501 b;CONFIRMED;9740;14556561408;108;7870;606500
Kepler-1502 b;CONFIRMED;9980;41708404736;219;6080;643400
NULL;CANDIDATE;6950;135586078720;8983;4290;640100
Kepler-990 c;CONFIRMED;10000;538354048;167;23860;553900
NULL;CANDIDATE;9860;3806758656;275;15740;606800
Kepler-1483 b;CONFIRMED;9690;9508487168;165;11310;614400
NULL;CANDIDATE;9490;34108655616;195;7390;614400
NULL;CANDIDATE;9990;47056330752;257;4970;588900
NULL;CANDIDATE;10000;10010031104;99;5060;433800
Kepler-1503 b;CONFIRMED;9850;96169566208;207;3210;534000
NULL;CANDIDATE;10000;12671436800;76;4040;370500
NULL;CANDIDATE;9770;2635954432;50;6820;370500
Kepler-1504 b;CONFIRMED;8610;82303918080;447;4850;560200
Kepler-320 c;CONFIRMED;9710;17934659584;280;10020;642600
NULL;CANDIDATE;9900;241070751744;7653;6990;941400
Kepler-1484 b;CONFIRMED;9900;30454441984;260;6240;628300
NULL;CANDIDATE;9160;37886296064;209;4790;551300
NULL;CANDIDATE;10000;10548413440;389;8990;604700
NULL;CANDIDATE;6560;133634818048;189;3170;520200
NULL;CANDIDATE;9820;32510844928;262;6800;607400
NULL;CANDIDATE;10000;10907530240;158;9550;641400
NULL;CANDIDATE;9860;10522637312;108;9760;632700
Kepler-312 b;CONFIRMED;10000;1772451072;102;16850;624300
Kepler-1485 b;CONFIRMED;9820;19915886592;141;7280;604700
NULL;CANDIDATE;10000;14054572032;145;7110;578300
Kepler-1505 b;CONFIRMED;10000;30860978176;108;5250;562700
NULL;CANDIDATE;9850;6866742272;79;10180;591400
Kepler-320 b;CONFIRMED;10000;8371595776;239;12920;642600
Kepler-332 c;CONFIRMED;10000;15995603968;104;5500;495500
NULL;CANDIDATE;9930;29768183808;398;9170;564000
NULL;CANDIDATE;9930;36766236672;128;3360;434200
Kepler-1506 b;CONFIRMED;9250;14032877568;145;7830;606300
NULL;CANDIDATE;10000;13222615040;175;7400;593100
NULL;CANDIDATE;9990;2537421568;93;12200;544700
NULL;CANDIDATE;9920;62596542464;225;5590;593400
Kepler-143 b;CONFIRMED;9980;16007472128;299;8380;585700
Kepler-1486 b;CONFIRMED;9660;54649368576;264;5380;575100
Kepler-920 c;CONFIRMED;10000;100827668480;435;3640;530100
NULL;CANDIDATE;9970;15576406016;179;7930;621400
NULL;CANDIDATE;10000;10005069824;111;8490;591200
NULL;CANDIDATE;9510;36258074624;182;5160;581800
NULL;CANDIDATE;8420;12432699392;188;8390;548000
NULL;CANDIDATE;9000;30990299136;221;6190;548000
NULL;CANDIDATE;4500;421428494336;5416;3350;623500
NULL;CANDIDATE;9690;35875446784;235;6680;655900
Kepler-1487 b;CONFIRMED;20;7319453184;505;16820;574500
NULL;CANDIDATE;9960;35800711168;797;9910;574500
NULL;CANDIDATE;9940;4327105536;358;20040;574500
Kepler-1508 b;CONFIRMED;9990;20705716224;322;9670;566800
NULL;CANDIDATE;9550;60532989952;191;4200;563100
NULL;CANDIDATE;9670;58019856384;346;3540;492000
NULL;CANDIDATE;7330;15061783552;161;7940;580600
NULL;CANDIDATE;9960;17955966976;196;7500;564100
Kepler-1488 b;CONFIRMED;8490;39818833920;223;6500;571000
Kepler-1509 b;CONFIRMED;10000;25433786368;200;6670;580600
NULL;CANDIDATE;9500;2693399808;104;11510;535500
NULL;CANDIDATE;9720;10430030848;114;9060;627700
NULL;CANDIDATE;10000;27637147648;696;8160;521400
NULL;CANDIDATE;9780;52609511424;183;5530;588100
Kepler-967 c;CONFIRMED;10000;198710624256;356;2580;518000
NULL;CANDIDATE;9700;31254323200;229;6350;624600
Kepler-132 e;CONFIRMED;8440;110286700544;141;4140;593100
NULL;CANDIDATE;9810;11806174208;287;14070;690000
NULL;CANDIDATE;10000;6158286848;120;12120;571000
Kepler-1489 b;CONFIRMED;9930;82292867072;182;4000;562600
Kepler-1490 b;CONFIRMED;9430;92436979712;289;3480;559500
NULL;CANDIDATE;8640;65427644416;165;4530;601400
NULL;CANDIDATE;10000;7684333568;258;5830;440200
NULL;CANDIDATE;9710;11166228480;156;7250;555200
NULL;CANDIDATE;9990;23133450240;255;6380;571200
NULL;CANDIDATE;9740;8953965568;84;9230;616800
Kepler-1491 b;CONFIRMED;9890;16586033152;209;8210;562600
Kepler-1492 b;CONFIRMED;10000;16752507904;365;8010;480700
NULL;CANDIDATE;9440;3531058432;1061;5580;363800
NULL;CANDIDATE;8510;6325895680;114;9010;574900
NULL;CANDIDATE;9960;11937835008;115;6710;546900
NULL;CANDIDATE;9990;32715905024;368;9020;552700
NULL;CANDIDATE;7190;15331771392;191;8210;572600
NULL;CANDIDATE;7710;82331754496;208;4740;599700
Kepler-1510 b;CONFIRMED;9660;84704141312;417;5370;608500
NULL;CANDIDATE;9850;27096514560;213;7000;577500
NULL;CANDIDATE;9370;11547498496;148;9300;577500
NULL;CANDIDATE;8640;83266412544;289;4390;553800
NULL;CANDIDATE;9990;11604488192;188;8410;553300
Kepler-1493 b;CONFIRMED;10000;15021978624;177;8740;583100
NULL;CANDIDATE;8930;11823722496;125;7030;555900
Kepler-1495 b;CONFIRMED;6700;85272461312;385;4430;592200
NULL;CANDIDATE;10000;19068950528;163;6270;541800
Kepler-968 c;CONFIRMED;9990;5709407744;151;6440;440200
NULL;CANDIDATE;6920;2086076416;154374;16450;612400
Kepler-1471 b;CONFIRMED;9720;3638989568;168;12380;553300
Kepler-1472 b;CONFIRMED;10000;38130331648;154;6130;637000
Kepler-1473 b;CONFIRMED;9990;14427351040;153;7830;592900
NULL;CANDIDATE;9960;6225337344;192;13780;626300
NULL;CANDIDATE;9600;12902359040;149;6750;553000
Kepler-1474 b;CONFIRMED;9400;36433784832;220;5610;556600
NULL;CANDIDATE;9690;12501490688;224;9520;582100
NULL;CANDIDATE;5710;89945825280;346;5090;511500
Kepler-315 c;CONFIRMED;9950;265478471680;420;2910;579200
NULL;CANDIDATE;9980;46716231680;203;5310;585600
NULL;CANDIDATE;9240;17606270976;172;7530;580800
Kepler-1475 b;CONFIRMED;9670;82175197184;224;4410;624700
Kepler-1476 b;CONFIRMED;9980;10358569984;168;8600;589300
NULL;CANDIDATE;7760;20067923968;225;6620;599700
NULL;CANDIDATE;10000;30254118912;280;6600;627700
NULL;CANDIDATE;9950;20034707456;224;9670;612000
NULL;CANDIDATE;7400;541924524032;315;1440;437800
NULL;CANDIDATE;9530;3157220864;141;17910;612000
NULL;CANDIDATE;9050;6685437952;125;10400;580800
Kepler-1511 b;CONFIRMED;9970;23238557696;218;9030;660200
NULL;CANDIDATE;9940;8543377408;158;12600;660200
Kepler-1512 b;CONFIRMED;10000;20359718912;80;2760;341900
NULL;CANDIDATE;5920;11720169472;134;8700;619300
Kepler-969 c;CONFIRMED;10000;1682934656;106;12700;520100
Kepler-1477 b;CONFIRMED;10000;11555324928;170;6740;514900
NULL;CANDIDATE;9370;11570600960;133;7710;571800
NULL;CANDIDATE;9990;16295322624;160;7730;618700
Kepler-1478 b;CONFIRMED;9960;26084120576;135;5980;608300
Kepler-1496 b;CONFIRMED;9880;64658915328;212;5350;582100
NULL;CANDIDATE;8920;15828383744;180;7580;559600
Kepler-1497 b;CONFIRMED;9930;8741923840;194;9240;559600
Kepler-953 c;CONFIRMED;9910;9109693440;132;8730;561100
NULL;CANDIDATE;9300;73750274048;378;6770;605600
NULL;CANDIDATE;9790;4748267008;157;16900;605600
NULL;CANDIDATE;10000;10104043520;405;7520;553000
NULL;CANDIDATE;4840;65940787200;233;4540;598200
Kepler-1479 b;CONFIRMED;9970;14532605952;169;7460;600300
Kepler-937 c;CONFIRMED;9920;153348734976;214;3770;612700
NULL;CANDIDATE;7290;13924800512;90;5880;527100
Kepler-1498 b;CONFIRMED;9960;48050688000;236;5640;533200
NULL;CANDIDATE;9990;34084292608;3605;5060;525200
Kepler-1526 b;CONFIRMED;10000;3908634624;186;7870;451800
Kepler-359 d;CONFIRMED;7830;77086187520;2977;4640;622800
Kepler-342 e;CONFIRMED;10000;1644221056;118;18970;629700
Kepler-348 c;CONFIRMED;9470;17265364992;116;8880;638800
NULL;CANDIDATE;10000;202116825088;580;2860;553600
Kepler-154 b;CONFIRMED;8840;33040549888;236;5610;568800
Kepler-1527 b;CONFIRMED;9980;160130891776;667;4500;609200
Kepler-1073 c;CONFIRMED;9860;4025824256;179;11690;550900
NULL;CANDIDATE;9800;2508115968;1228;36620;509600
Kepler-342 c;CONFIRMED;9930;26234744832;276;7540;629700
Kepler-1513 b;CONFIRMED;10000;160884523008;909;3460;565000
NULL;CANDIDATE;9990;141241532416;1149;3520;570500
Kepler-1514 b;CONFIRMED;8600;217831849984;1117;3430;625900
NULL;CANDIDATE;9950;16098829312;114;7050;565700
Kepler-1521 b;CONFIRMED;9950;47148433408;258;3910;497500
NULL;CANDIDATE;10000;2504752896;148;13690;550900
NULL;CANDIDATE;6180;59362795520;223;5660;578600
NULL;CANDIDATE;9700;247891034112;474;3670;612100
Kepler-1528 b;CONFIRMED;10000;1791110016;129;15490;604000
NULL;CANDIDATE;6020;1994693504;46;7580;379900
NULL;CANDIDATE;9940;10514211840;125;9430;625900
Kepler-1515 b;CONFIRMED;10000;214312042496;917;3800;647100
Kepler-1516 b;CONFIRMED;10000;7259322368;157;9670;591400
NULL;CANDIDATE;10000;582895424;587;23470;626300
NULL;CANDIDATE;9940;496069984;1000;62850;509600
Kepler-1529 b;CONFIRMED;10000;5339056128;190;8170;505700
Kepler-343 c;CONFIRMED;9920;23221811200;242;7460;580800
NULL;CANDIDATE;10000;5240883712;1274;13200;645200
Kepler-351 d;CONFIRMED;9850;142544994304;252;3180;564200
Kepler-1519 b;CONFIRMED;9990;240799039488;1031;3420;575800
NULL;CANDIDATE;10000;9207563264;550;9720;567800
Kepler-1530 b;CONFIRMED;10000;2590395904;255;14840;567800
Kepler-1530 c;CONFIRMED;9990;5323533312;269;11670;567800
NULL;CANDIDATE;8130;1160153600;6047;21830;620000
NULL;CANDIDATE;10000;2607208448;731;15610;636600
NULL;CANDIDATE;10000;5801847296;1400;9890;568700
Kepler-1522 b;CONFIRMED;10000;1847892736;151;13740;576300
NULL;CANDIDATE;9550;604358784;2328;9970;356900
Kepler-1031 b;CONFIRMED;10000;1226224000;100;20240;585500
NULL;CANDIDATE;9990;6887311360;72;7880;520800
NULL;CANDIDATE;6910;2185658880;44;10870;499700
NULL;CANDIDATE;9980;1811966336;9519;25730;590400
Kepler-154 e;CONFIRMED;10000;3932766208;150;11400;568800
Kepler-1090 b;CONFIRMED;9980;198680854528;279;2970;533000
NULL;CANDIDATE;5210;197145526272;7216;4980;721400
Kepler-1531 b;CONFIRMED;9970;1138548224;145;25370;652000
Kepler-1093 c;CONFIRMED;9770;89722413056;221;5080;642900
NULL;CANDIDATE;9890;7127664128;121;7840;515900
NULL;CANDIDATE;9740;3523646976;94;13300;626900
NULL;CANDIDATE;8630;4788500992;63;8890;520800
NULL;CANDIDATE;10000;1210693632;99;13510;501400
NULL;CANDIDATE;9980;1090011008;104;14020;508100
NULL;CANDIDATE;9990;18257272832;94;5470;501400
Kepler-332 d;CONFIRMED;9980;34211502080;115;4270;495500
Kepler-1523 b;CONFIRMED;10000;938750208;146;16760;549700
Kepler-335 c;CONFIRMED;8080;67844689920;265;5920;587800
Kepler-347 c;CONFIRMED;10000;27321423872;361;7050;559200
Kepler-1520 b;CONFIRMED;7610;653553600;2295;14370;455000
Kepler-1065 c;CONFIRMED;10000;2370293248;129;12560;566800
Kepler-1085 b;CONFIRMED;10000;219321548800;611;3130;606300
NULL;CANDIDATE;9900;288312852480;1321;3000;567200
NULL;CANDIDATE;10000;19577833472;196;6210;562000
Kepler-1524 b;CONFIRMED;9820;70967205888;284;4380;581800
NULL;CANDIDATE;8050;106187317248;23185;26600;328700
Kepler-1016 c;CONFIRMED;10000;105655263232;422;4070;574100
NULL;CANDIDATE;9810;9747658752;78;6790;517600
Kepler-1047 c;CONFIRMED;10000;3188990208;98;13090;570000
NULL;CANDIDATE;4750;309891039232;215;3140;645000
NULL;CANDIDATE;7890;50271928320;294;5890;652000
NULL;CANDIDATE;9960;290140160000;1158;3040;563100
Kepler-1086 c;CONFIRMED;10000;161515618304;288;2110;424300
Kepler-340 b;CONFIRMED;6360;14844483584;249;10920;664200
NULL;CANDIDATE;8730;1721100544;70;16070;570000
NULL;CANDIDATE;10000;4859144192;690;13030;658600
NULL;CANDIDATE;10000;4742552064;727;11590;616100
NULL;CANDIDATE;10000;152825593856;3485;7340;499100
Kepler-1525 b;CONFIRMED;10000;2416601600;92;13430;570500
Kepler-86 b;CONFIRMED;9630;282525368320;898;2640;572500
Kepler-953 b;CONFIRMED;9270;88406786048;455;4100;561100
Kepler-1535 b;CONFIRMED;9940;138944020480;257;3840;601400
NULL;CANDIDATE;9790;1480283520;97;18220;589700
Kepler-963 b;CONFIRMED;10000;9976820736;285;8020;550000
NULL;CANDIDATE;9210;5026381312;84;10650;578300
NULL;CANDIDATE;10000;6682312704;209;13500;534300
NULL;CANDIDATE;9660;66119118848;300;4520;582800
NULL;CANDIDATE;10000;666826560;149;11830;399300
Kepler-1536 b;CONFIRMED;9900;364751552512;289;1660;438600
NULL;CANDIDATE;8740;3690317056;2023;12800;612000
Kepler-976 b;CONFIRMED;10000;105956679680;379;3240;532700
NULL;CANDIDATE;10000;1386802304;2933;25300;682300
NULL;CANDIDATE;9200;199668760576;145;3050;567800
NULL;CANDIDATE;10000;469334624;240;24320;588800
Kepler-930 b;CONFIRMED;9900;71452319744;219;5610;614800
Kepler-1037 b;CONFIRMED;10000;1063788608;161;16500;526500
NULL;CANDIDATE;10000;132133101568;7508;8090;506700
NULL;CANDIDATE;10000;9887366144;68;7680;569300
Kepler-1326 b;CONFIRMED;9990;42352005120;630;9380;686400
Kepler-1331 b;CONFIRMED;10000;789160896;91;12440;425800
Kepler-1537 b;CONFIRMED;10000;1444452352;203;18000;530500
NULL;CANDIDATE;5540;2743978752;3811;11360;533400
NULL;CANDIDATE;10000;12896235520;255;7830;607200
Kepler-957 b;CONFIRMED;10000;5907414528;510;7690;496300
Kepler-1350 b;CONFIRMED;10000;4496860672;193;5350;369800
NULL;CANDIDATE;9970;537409408;96;22080;574900
Kepler-1353 b;CONFIRMED;10000;24754384896;210;4910;485200
Kepler-365 c;CONFIRMED;10000;17783830528;160;7290;601400
NULL;CANDIDATE;10000;6422943232;166;10340;610200
NULL;CANDIDATE;8560;4612250624;51;10320;549500
Kepler-1289 b;CONFIRMED;9990;7990223872;197;11130;568900
NULL;CANDIDATE;9210;5204286464;1600;9340;533200
NULL;CANDIDATE;10000;526887520;58;12380;394500
Kepler-1129 c;CONFIRMED;9980;76536954880;373;5030;559600
NULL;CANDIDATE;9990;3111415040;70;15300;645000
NULL;CANDIDATE;9890;352515904;100;21940;546500
NULL;CANDIDATE;10000;524175808;127;18910;527800
NULL;CANDIDATE;10000;4943305728;141;10580;566100
Kepler-439 b;CONFIRMED;9970;178139070464;225;2910;543100
NULL;CANDIDATE;8000;619023168;79;18850;539500
Kepler-1137 b;CONFIRMED;9910;23921041408;301;10200;712100
NULL;CANDIDATE;9930;9033264128;196;7290;531100
NULL;CANDIDATE;10000;3490785792;132;10100;549600
Kepler-1532 b;CONFIRMED;10000;1093665792;129;16810;584500
NULL;CANDIDATE;4650;3609223168;68;11920;603200
NULL;CANDIDATE;9640;11492711424;2501;8580;619800
NULL;CANDIDATE;9910;116583186432;291;3710;573800
Kepler-1538 b;CONFIRMED;9970;175138914304;306;3460;549700
NULL;CANDIDATE;10000;1339670272;127;34480;886700
NULL;CANDIDATE;9100;13026796544;208;6430;508300
NULL;CANDIDATE;10000;1886654464;4381;17940;629600
NULL;CANDIDATE;4950;2190687488;168;20170;620800
NULL;CANDIDATE;9820;234240737280;341;3290;581400
NULL;CANDIDATE;10000;20189038592;139;7940;617800
NULL;CANDIDATE;9740;38576349184;205;6190;616700
Kepler-1539 b;CONFIRMED;10000;133303246848;267;3010;506400
Kepler-1540 b;CONFIRMED;10000;125413228544;314;2660;464100
Kepler-508 b;CONFIRMED;10000;25308936192;177;7100;594900
NULL;CANDIDATE;10000;14387247104;2924;7250;583000
NULL;CANDIDATE;250;58430263296;345;3000;433800
Kepler-1533 b;CONFIRMED;9880;308544438272;328;3300;632500
NULL;CANDIDATE;9740;696125312;2844;16450;524500
NULL;CANDIDATE;9950;305076240384;782;2840;571600
NULL;CANDIDATE;9940;29922080768;309;7820;612700
Kepler-361 b;CONFIRMED;9990;8486515712;134;10600;617800
NULL;CANDIDATE;9390;10599460864;128;8960;619400
Kepler-1025 b;CONFIRMED;9990;37322870784;3534;16540;490700
NULL;CANDIDATE;1810;399375859712;393;3260;609800
NULL;CANDIDATE;9680;80232144896;324;3800;543600
NULL;CANDIDATE;8900;41889701888;3216;5150;595200
Kepler-362 b;CONFIRMED;8540;10327363584;125;8380;575700
Kepler-76 b;CONFIRMED;10000;1544928896;1343;19970;630900
NULL;CANDIDATE;9810;1236866688;175;15690;562100
Kepler-296 e;CONFIRMED;9840;34142050304;106;2480;352600
NULL;CANDIDATE;10000;1332035968;85;13650;537600
Kepler-1649 b;CONFIRMED;10000;8689107968;49;2110;270300
Kepler-90 c;CONFIRMED;9990;8719801344;153;9870;597000
Kepler-90 b;CONFIRMED;9160;7008218112;129;10620;597000
NULL;CANDIDATE;9990;716531840;111;20340;555200
NULL;CANDIDATE;10000;5477157376;217;8920;502900
NULL;CANDIDATE;9520;7572998144;53;8750;549500
NULL;CANDIDATE;10000;32376182784;226;3920;458000
NULL;CANDIDATE;9910;284063137792;636;3210;579100
NULL;CANDIDATE;9080;4644901376;76;8320;478600
NULL;CANDIDATE;2560;998212800;110;18880;607200
Kepler-1409 b;CONFIRMED;9860;764863488;104;17330;523100
NULL;CANDIDATE;10000;4095781888;164;8510;479100
Kepler-90 e;CONFIRMED;9710;91940126720;262;4500;597000
NULL;CANDIDATE;10000;4577001472;133;5670;380500
Kepler-1425 b;CONFIRMED;9410;14454033408;72;6760;555900
NULL;CANDIDATE;9890;13616454656;2229;7550;582300
Kepler-1350 c;CONFIRMED;9990;1766789504;140;7300;369800
NULL;CANDIDATE;9760;7558429184;146;6940;479100
NULL;CANDIDATE;10000;35865649152;244;6330;607800
Kepler-607 b;CONFIRMED;10000;638162944;91;18740;524400
NULL;CANDIDATE;9990;43681308672;133;4730;572600
NULL;CANDIDATE;9530;230180356096;757;3470;631300
NULL;CANDIDATE;1930;220720136192;200;2350;515000
NULL;CANDIDATE;9960;281592168448;722;2250;533000
NULL;CANDIDATE;7650;103722156032;195;4140;578400
NULL;CANDIDATE;8540;32547430400;142;6180;606800
NULL;CANDIDATE;9980;33496911872;297;6300;492800
NULL;CANDIDATE;5580;782068480;2102;61690;447500
NULL;CANDIDATE;9570;389316345856;2761;2450;573100
NULL;CANDIDATE;10000;3989161984;2810;32930;499800
NULL;CANDIDATE;10000;42877415424;267;4510;525600
NULL;CANDIDATE;9750;190800789504;167;3210;599300
Kepler-460 c;CONFIRMED;9020;220142911488;594;3890;634000
NULL;CANDIDATE;9740;29609426944;287;7890;607900
NULL;CANDIDATE;9910;21368434688;172;5510;520400
NULL;CANDIDATE;9940;29563295744;190;5270;559500
NULL;CANDIDATE;5230;69089353728;147;3320;484800
Kepler-1624 b;CONFIRMED;9980;3290304000;491;5400;338600
Kepler-1626 b;CONFIRMED;10000;4139605248;124;13520;653500
NULL;CANDIDATE;9620;8090695168;80;8110;537400
NULL;CANDIDATE;9350;1049468608;84;28080;747900
NULL;CANDIDATE;9820;22290356224;113;6320;559700
NULL;CANDIDATE;9970;55180771328;237;5310;630600
NULL;CANDIDATE;8980;219931328512;230;2790;555700
NULL;CANDIDATE;9990;200235057152;1099;3250;610800
NULL;CANDIDATE;8940;22238105600;109;7020;619200
NULL;CANDIDATE;9800;20547776512;167;6900;592200
NULL;CANDIDATE;9860;180411858944;886;3290;603200
Kepler-1625 b;CONFIRMED;9880;287377326080;1167;3500;554800
NULL;CANDIDATE;9730;18982830080;72;7070;596200
NULL;CANDIDATE;6330;215634362368;192;4040;616300
NULL;CANDIDATE;10000;5433613312;209;5480;369400
NULL;CANDIDATE;8580;59403784192;165;5700;637300
NULL;CANDIDATE;6090;43581042688;194;5580;622500
NULL;CANDIDATE;9920;3564524800;60;10290;543500
NULL;CANDIDATE;5020;265741369344;324;4130;653700
NULL;CANDIDATE;9290;15185756160;226;9220;631100
NULL;CANDIDATE;8700;26092283904;135;7170;634600
NULL;CANDIDATE;9230;100345651200;157;3250;518000
NULL;CANDIDATE;10000;1534679936;1839;35700;496500
NULL;CANDIDATE;8310;171028692992;249;3760;612300
NULL;CANDIDATE;10000;12574886912;103;3490;355200
NULL;CANDIDATE;9690;12574721024;145;6930;565400
NULL;CANDIDATE;9840;33372653568;195;4910;550400
Kepler-1627 b;CONFIRMED;10000;7202811904;306;7940;538800
NULL;CANDIDATE;9280;668827136;12442;131840;371100
NULL;CANDIDATE;9540;19453429760;125;7440;637200
Kepler-354 c;CONFIRMED;9920;16934810624;131;5080;465000
NULL;CANDIDATE;9970;44705587200;7259;5090;594200
NULL;CANDIDATE;8520;57388826624;188;4060;524200
NULL;CANDIDATE;9750;14516814848;182;10300;593400
NULL;CANDIDATE;9460;43931160576;5837;9020;488800
Kepler-389 c;CONFIRMED;9400;14512362496;208;6360;509400
NULL;CANDIDATE;7910;523632448;108;53130;827700
Kepler-1454 b;CONFIRMED;9580;47032049664;198;4920;537000
NULL;CANDIDATE;6430;83499614208;172;3430;514100
NULL;CANDIDATE;4920;24152786944;97;7010;622300
NULL;CANDIDATE;9030;11173440512;140;12790;737200
NULL;CANDIDATE;8030;178266980352;371;2410;489900
NULL;CANDIDATE;9970;14267343872;121;6570;547500
NULL;CANDIDATE;10000;7415051776;9109;28150;498900
NULL;CANDIDATE;9890;11006794752;134;8740;609100
NULL;CANDIDATE;9900;124887212032;178;4350;610300
NULL;CANDIDATE;9070;295958904832;210;2650;550500
NULL;CANDIDATE;9940;120938668032;232;3330;545600
NULL;CANDIDATE;5620;237819002880;255;3020;587800
NULL;CANDIDATE;9950;15996129280;171;5600;494900
NULL;CANDIDATE;6540;7622104064;380;14220;522200
NULL;CANDIDATE;10000;988668416;318;31830;645600
NULL;CANDIDATE;8860;14555509760;203;5940;517600
NULL;CANDIDATE;9940;2641812736;59;8340;414700
NULL;CANDIDATE;9400;440171266048;597;3340;626100
NULL;CANDIDATE;7160;74624065536;175;4480;618700
NULL;CANDIDATE;10000;25480521728;125;6590;625000
Kepler-1633 b;CONFIRMED;8140;62134919168;671;9250;588900
NULL;CANDIDATE;9500;113083523072;159;4500;590300
NULL;CANDIDATE;7680;762724032;4102;18600;531300
Kepler-1636 b;CONFIRMED;9040;425483534336;320;2480;597700
NULL;CANDIDATE;9730;7863361024;2270;10570;561500
Kepler-1637 b;CONFIRMED;9990;6109682176;79;10930;602400
NULL;CANDIDATE;9900;56648589312;219;3770;502300
NULL;CANDIDATE;9440;53554544640;310;7690;603900
NULL;CANDIDATE;9950;57774936064;185;5240;627700
Kepler-1631 b;CONFIRMED;10000;4095138816;175;11220;585800
NULL;CANDIDATE;9960;7777106432;73;7730;507300
Kepler-1632 b;CONFIRMED;9990;224150929408;241;3690;607200
NULL;CANDIDATE;9920;17168095232;481;6030;505300
NULL;CANDIDATE;9990;9011888128;704;11050;562700
NULL;CANDIDATE;9920;39399927808;152;4990;591300
NULL;CANDIDATE;5680;812592384;2584;29120;711700
NULL;CANDIDATE;10000;31707574272;296;5470;586100
NULL;CANDIDATE;2750;9358925824;1737;15280;518800
NULL;CANDIDATE;10000;4154722304;2347;22920;699600
NULL;CANDIDATE;5600;161651507200;222;3770;572500
NULL;CANDIDATE;6480;22049560576;190;9120;682100
NULL;CANDIDATE;9890;29937115136;119;5010;511500
NULL;CANDIDATE;1760;285374545920;594;4230;514200
Kepler-1635 b;CONFIRMED;9540;469613084672;324;2000;547400
NULL;CANDIDATE;7890;116454309888;333;3060;519700
NULL;CANDIDATE;8740;24909301760;132;4520;481000
NULL;CANDIDATE;9960;1391716864;3619;83460;374900
NULL;CANDIDATE;9860;6132927488;156;13790;587700
NULL;CANDIDATE;10000;12630631424;137;6890;557900
NULL;CANDIDATE;10000;7954457600;950;10640;621700
NULL;CANDIDATE;10000;8585287168;302;7770;548800
NULL;CANDIDATE;10000;6263492096;646;11800;624700
NULL;CANDIDATE;8990;7580628992;97;9370;575300
NULL;CANDIDATE;10000;7079876608;136;7380;480800
NULL;CANDIDATE;7990;41993465856;156;5030;576600
NULL;CANDIDATE;4670;20699207680;NULL;NULL;NULL
NULL;CANDIDATE;9390;466003001344;492;2230;583000
NULL;CANDIDATE;9020;355861331968;279;2330;573600
NULL;CANDIDATE;4000;27202066432;187;7190;586900
NULL;CANDIDATE;8320;32033210368;85;5910;603900
NULL;CANDIDATE;3700;43397562368;169;3880;487100
NULL;CANDIDATE;10000;22265960448;118;8960;688800
NULL;CANDIDATE;9820;240571351040;293;3020;614600
NULL;CANDIDATE;8580;217792741376;615;3340;560000
Kepler-1638 b;CONFIRMED;8480;259343040512;604;4490;549000
NULL;CANDIDATE;9930;4768155136;49;7610;468000
NULL;CANDIDATE;5340;287331155968;207;2660;542600
Kepler-1639 b;CONFIRMED;10000;9878850560;264;10030;647700
NULL;CANDIDATE;9490;11830772736;116;7700;555000
NULL;CANDIDATE;9790;16295784448;213;7440;606300
NULL;CANDIDATE;5600;19240581120;119;5650;503100
NULL;CANDIDATE;9790;61569765376;244;5300;562600
NULL;CANDIDATE;7910;28225105920;159;6250;601400
NULL;CANDIDATE;9720;12008552448;208;10160;530300
NULL;CANDIDATE;9690;10431484928;77;7000;536100
NULL;CANDIDATE;4790;27249752064;449;10900;544000
NULL;CANDIDATE;7050;16997288960;314;9560;589700
NULL;CANDIDATE;9990;15357344768;142;7290;581800
Kepler-1534 b;CONFIRMED;10000;5716687872;192;9550;563800
Kepler-176 e;CONFIRMED;9050;51165802496;151;3980;496300
NULL;CANDIDATE;9300;77792714752;217;4530;549700
NULL;CANDIDATE;9080;46245163008;246;5190;555300
NULL;CANDIDATE;6900;9704337408;119;9320;627300
NULL;CANDIDATE;7370;12771382272;126;8510;627300
Kepler-1542 d;CONFIRMED;9970;5992732672;91;10100;557400
Kepler-1542 e;CONFIRMED;10000;5101106688;85;10650;557400
NULL;CANDIDATE;8680;14237841408;110;6290;527300
NULL;CANDIDATE;9780;10820603904;119;8850;603200
NULL;CANDIDATE;6160;10209027072;92;10580;618800
NULL;CANDIDATE;7550;122805444608;11862;6020;587400
NULL;CANDIDATE;2280;16248086528;238;7040;572900
NULL;CANDIDATE;9950;32027316224;114;5250;550500
NULL;CANDIDATE;9800;8756305920;112;9820;583900
NULL;CANDIDATE;10000;9618311168;85;11420;613400
NULL;CANDIDATE;9750;518060224;6149;29210;540500
NULL;CANDIDATE;6290;17236084736;198;7210;554300
NULL;CANDIDATE;9520;2158889216;72;11300;526900
NULL;CANDIDATE;7860;17580603392;187;8160;583900
NULL;CANDIDATE;8000;9655047168;145;7050;499900
NULL;CANDIDATE;10000;12714363904;220;7850;594700
NULL;CANDIDATE;9850;80410378240;493;5350;547600
NULL;CANDIDATE;9650;1931887616;57;14270;589600
NULL;CANDIDATE;6910;5244915712;52;10150;582300
NULL;CANDIDATE;9970;90097377280;170;4300;611600
NULL;CANDIDATE;6120;7729669632;210;9270;594700
Kepler-1518 b;CONFIRMED;9960;5111754752;281;13510;643200
NULL;CANDIDATE;8020;4553370112;2584;12640;630600
NULL;CANDIDATE;9560;7701669376;444;16270;517400
NULL;CANDIDATE;9940;4672503808;111;11490;614600
NULL;CANDIDATE;9130;144688922624;333;4160;537200
NULL;CANDIDATE;9990;1542874368;105;10070;453000
NULL;CANDIDATE;9960;33320091648;1300;7500;626400
Kepler-1640 b;CONFIRMED;10000;7584423936;583;12280;626400
NULL;CANDIDATE;9500;7073945088;84;6470;477700
NULL;CANDIDATE;9290;14516741120;145;6060;495400
NULL;CANDIDATE;9890;20571809792;134;4980;492200
NULL;CANDIDATE;9980;11867171840;403;10580;626400
Kepler-1644 b;CONFIRMED;10000;21090791424;188;6060;572300
NULL;CANDIDATE;6440;1927177984;2894;12190;519300
Kepler-1185 b;CONFIRMED;9760;104351965184;139;3550;565000
NULL;CANDIDATE;8770;180921729024;230;3020;581800
Kepler-1641 b;CONFIRMED;9370;19672324096;407;9080;648600
Kepler-1641 c;CONFIRMED;9990;32657035264;373;7670;648600
NULL;CANDIDATE;8020;7313845248;273;12630;648600
NULL;CANDIDATE;9750;11161937920;197;10930;620000
NULL;CANDIDATE;10000;28867211264;151;4930;519100
NULL;CANDIDATE;7420;57132855296;181;4140;515700
NULL;CANDIDATE;9910;1853209344;3299;21000;638400
NULL;CANDIDATE;4960;445216849920;137;2370;567000
NULL;CANDIDATE;9010;35502866432;218;7240;552800
NULL;CANDIDATE;9590;29512615936;184;6780;574600
Kepler-1642 b;CONFIRMED;10000;12206430208;541;8950;525400
Kepler-1642 c;CONFIRMED;10000;6651318784;481;10950;525400
Kepler-1143 c;CONFIRMED;10000;210631491584;323;2340;489500
NULL;CANDIDATE;10000;766691520;122;15410;482100
NULL;CANDIDATE;9820;7193119232;112;9160;551800
NULL;CANDIDATE;10000;47743950848;174;5750;594900
NULL;CANDIDATE;9610;4578343424;144;12060;578200
NULL;CANDIDATE;4410;115230654464;402;6320;658500
Kepler-401 d;CONFIRMED;9550;184262737920;257;3800;611500
NULL;CANDIDATE;7670;505462915072;346;1810;481700
Kepler-1388 d;CONFIRMED;10000;20956997632;238;3630;389100
NULL;CANDIDATE;9890;13032729600;164;8090;612200
NULL;CANDIDATE;9990;31953367040;165;7250;631300
NULL;CANDIDATE;10000;25090156544;135;8520;603300
Kepler-1482 b;CONFIRMED;10000;12253843456;100;6780;541300
NULL;CANDIDATE;7840;362978279424;196;2960;608600
NULL;CANDIDATE;1750;36566323200;1541;8280;529400
NULL;CANDIDATE;9660;5774511104;187;12320;582100
NULL;CANDIDATE;9950;124922519552;337;4070;597000
NULL;CANDIDATE;8470;10138469376;74;7230;548300
NULL;CANDIDATE;9790;65752109056;200;4580;581600
NULL;CANDIDATE;9990;21913954304;1039;3030;363800
NULL;CANDIDATE;9940;3665208320;82;11680;557900
NULL;CANDIDATE;8860;4023218432;48;7470;467100
NULL;CANDIDATE;10000;761119680;2781;29770;691100
NULL;CANDIDATE;6720;1330333056;2430;16340;598400
NULL;CANDIDATE;5290;65415184384;131;2950;434800
NULL;CANDIDATE;10000;2717723136;72;11230;513500
NULL;CANDIDATE;5500;23983052800;117;7180;569600
NULL;CANDIDATE;8370;347976105984;162;2530;599500
NULL;CANDIDATE;10000;9458805760;178;9430;624700
NULL;CANDIDATE;9990;2908051456;97;12200;588900
NULL;CANDIDATE;8310;2562712320;48;11710;519000
NULL;CANDIDATE;9550;13056090112;130;8140;607800
NULL;CANDIDATE;9830;25913667584;337;9660;616700
NULL;CANDIDATE;10000;6961973248;97;7780;500800
NULL;CANDIDATE;6350;13153841152;103;7500;544300
NULL;CANDIDATE;9790;28655497216;145;6580;626800
NULL;CANDIDATE;9090;4606877184;114;8650;511000
NULL;CANDIDATE;7290;10511377408;72;10520;657500
NULL;CANDIDATE;3970;20952559616;119;4950;488500
NULL;CANDIDATE;9860;5704592896;95;9000;552300
NULL;CANDIDATE;6680;1999724416;84;13850;583800
NULL;CANDIDATE;8130;4781139456;114;11300;568300
NULL;CANDIDATE;9670;7188640768;130;9870;568300
NULL;CANDIDATE;10000;7135663104;138;7510;492600
NULL;CANDIDATE;9860;6853888000;174;6130;419900
NULL;CANDIDATE;3680;1057335680;1459;12760;466400
NULL;CANDIDATE;9940;8609653760;333;15500;541800
NULL;CANDIDATE;10000;13891115008;112;6740;547200
NULL;CANDIDATE;9980;1961343104;4153;21670;622100
NULL;CANDIDATE;1180;709650432;149;20360;561800
NULL;CANDIDATE;9540;6877780480;119;10520;627400
NULL;CANDIDATE;9940;10692115456;271;10080;647400
NULL;CANDIDATE;10000;8502077440;75;6790;488900
NULL;CANDIDATE;9970;18177292288;150;7370;615800
NULL;CANDIDATE;10000;813998784;136;19330;570500
NULL;CANDIDATE;9960;2641852672;356;21040;519500
NULL;CANDIDATE;9720;2540311296;120;12680;577800
NULL;CANDIDATE;10000;1741450368;146;12340;523800
NULL;CANDIDATE;6690;953299968;3567;20110;618300
NULL;CANDIDATE;9630;17990828032;188;5410;491800
NULL;CANDIDATE;7010;849860544;6745;22600;516400
NULL;CANDIDATE;2850;129847320576;145;3850;613300
NULL;CANDIDATE;10000;22254888960;216;8990;534900
NULL;CANDIDATE;7910;1927299968;4599;16140;605700
NULL;CANDIDATE;10000;1014859840;161;19280;615800
NULL;CANDIDATE;8720;15390261248;439;14590;564900
NULL;CANDIDATE;7790;2351826688;3982;15350;544500
NULL;CANDIDATE;9710;3907350528;83;10070;549700
NULL;CANDIDATE;8940;947554752;67;16330;550800
NULL;CANDIDATE;9730;1002591872;87;13910;489300
NULL;CANDIDATE;9960;3371166720;98;12910;565300
NULL;CANDIDATE;7210;6613670912;91;12660;605600
NULL;CANDIDATE;9910;1480628096;76;16530;618700
NULL;CANDIDATE;9960;1057080832;97;18050;600000
NULL;CANDIDATE;5820;43267559424;161;6640;574700
NULL;CANDIDATE;9970;4886983680;120;11330;615200
NULL;CANDIDATE;9840;1966828288;118;12830;559500
NULL;CANDIDATE;9650;4237447168;226;11720;599300
NULL;CANDIDATE;9970;875197376;73;25180;585500
NULL;CANDIDATE;9490;13229819904;150;8560;604900
NULL;CANDIDATE;9510;6276515840;65;5320;391400
NULL;CANDIDATE;2760;1790518272;3219;18500;658600
NULL;CANDIDATE;9870;40769855488;187;5850;588400
NULL;CANDIDATE;9810;5018803200;108;11780;622000
NULL;CANDIDATE;10000;6842938880;NULL;NULL;NULL
NULL;CANDIDATE;8910;4884466688;84;5790;388300
NULL;CANDIDATE;8990;3033593856;155;15290;555700
NULL;CANDIDATE;8420;9388821504;2091;9630;584600
NULL;CANDIDATE;9970;2652808192;117;12800;577800
NULL;CANDIDATE;9430;6293405184;108;10720;621400
NULL;CANDIDATE;1670;784300608;114;15660;517600
NULL;CANDIDATE;8420;2525575936;62;13640;582100
NULL;CANDIDATE;7560;1284241792;118;16230;584900
NULL;CANDIDATE;9940;8739676160;329;5770;440600
NULL;CANDIDATE;9390;3177964032;74;10340;506100
NULL;CANDIDATE;9960;3052934144;118;10470;531100
NULL;CANDIDATE;6190;36253097984;143;5820;600200
NULL;CANDIDATE;9960;7501793280;132;10460;632100
NULL;CANDIDATE;10000;912351232;146;18400;548100
NULL;CANDIDATE;7090;12470111232;206;10740;562300
NULL;CANDIDATE;9990;7918266880;93;9530;596600
NULL;CANDIDATE;7910;10217059328;117;9290;621100
NULL;CANDIDATE;10000;3147357952;345;22090;518900
NULL;CANDIDATE;7630;2610902272;180;13230;551400
NULL;CANDIDATE;9130;17663797248;298;11780;573400
NULL;CANDIDATE;9840;8177075200;83;11150;650100
NULL;CANDIDATE;10000;4845060096;154;7230;433700
NULL;CANDIDATE;1130;623707750400;181;2580;662600
NULL;CANDIDATE;8890;1289408256;248;31120;582600
Kepler-1646 b;CONFIRMED;10000;4485592064;95;3650;323600
NULL;CANDIDATE;9450;13808632832;109;6590;551500
NULL;CANDIDATE;6580;2243569408;2111;13640;608100
NULL;CANDIDATE;7420;82784821248;216;5010;574900
NULL;CANDIDATE;9340;2437643776;79;16860;592700
NULL;CANDIDATE;7050;721522880;1104;14750;489300
NULL;CANDIDATE;9430;4157364736;109;9310;518300
NULL;CANDIDATE;9350;2012093952;99;15230;563300
NULL;CANDIDATE;5530;9476705280;138;8410;591100
NULL;CANDIDATE;8140;208543350784;284;3210;553300
NULL;CANDIDATE;8660;7643703808;185;13340;612000
NULL;CANDIDATE;8800;5116836864;116;10390;595500
NULL;CANDIDATE;9680;17992597504;162;7480;593100
NULL;CANDIDATE;6460;19164110848;111;5190;510300
NULL;CANDIDATE;9990;2411940608;135;16540;559800
NULL;CANDIDATE;9370;800263232;77;12400;433600
NULL;CANDIDATE;9980;19253213184;142;6920;606000
NULL;CANDIDATE;9100;1817079808;139;14540;580800
NULL;CANDIDATE;4090;8196197888;155;8510;532300
NULL;CANDIDATE;9680;10071437312;198;13620;576800
NULL;CANDIDATE;10000;2564012544;727;17200;627400
NULL;CANDIDATE;10000;8942964736;89;5360;418300
NULL;CANDIDATE;10000;2405625344;111;11800;545000
NULL;CANDIDATE;10000;773530112;187;24740;629600
NULL;CANDIDATE;10000;839907136;92;16400;512000
NULL;CANDIDATE;10000;1761377792;232;18240;654400
NULL;CANDIDATE;4510;1260575872;2991;14100;538800
NULL;CANDIDATE;6700;1889122688;59;12480;541300
NULL;CANDIDATE;7000;14157371392;110;7780;612200
NULL;CANDIDATE;9780;6319159808;104;13690;625400
NULL;CANDIDATE;8830;2583938304;77;14700;616400
NULL;CANDIDATE;9670;6559536640;62;10790;595000
NULL;CANDIDATE;7750;1529283968;226;25500;643800
NULL;CANDIDATE;10000;4020188928;60;13370;578800
NULL;CANDIDATE;9970;4987923968;73;4850;360600
NULL;CANDIDATE;9680;7227431936;128;9670;607500
NULL;CANDIDATE;8970;366088945664;257;2570;594100
NULL;CANDIDATE;8570;5431035904;66;8730;537400
NULL;CANDIDATE;3030;824851776;7800;25390;565800
NULL;CANDIDATE;9330;14461834240;105;7850;545700
NULL;CANDIDATE;10000;10552242176;175;4850;403100
NULL;CANDIDATE;9900;106259759104;150;3030;482700
Kepler-1388 e;CONFIRMED;10000;37633388544;225;2990;389100
NULL;CANDIDATE;9140;3640492544;61;11360;574500
NULL;CANDIDATE;8050;4292516608;366;11440;603200
NULL;CANDIDATE;9650;1400903680;116;17640;637500
NULL;CANDIDATE;9130;5525073920;80;10280;560000
NULL;CANDIDATE;9670;694611136;64;14150;461200
NULL;CANDIDATE;6850;933728192;85;20060;617000
NULL;CANDIDATE;10000;10698227712;173;9190;627700
NULL;CANDIDATE;1840;3093832448;132;9980;532700
NULL;CANDIDATE;9240;7475184128;85;11680;561600
NULL;CANDIDATE;7180;13445017600;108;6060;500300
NULL;CANDIDATE;3780;11325115392;126;6740;533400
NULL;CANDIDATE;6100;687772160;4627;20970;588500
Kepler-1634 b;CONFIRMED;9680;374878142464;427;2820;563600
NULL;CANDIDATE;4130;995141184;22;5090;332500
NULL;CANDIDATE;9020;377501253632;216;2420;575100
NULL;CANDIDATE;10000;926239808;116;12080;449400
NULL;CANDIDATE;9810;5683256320;97;12570;607200
NULL;CANDIDATE;8040;6333423104;762;6250;435200
NULL;CANDIDATE;8270;6768900608;124;10170;573700
NULL;CANDIDATE;9990;565713344;81;19170;522000
NULL;CANDIDATE;9930;43535892480;186;4440;548100
NULL;CANDIDATE;9710;2446938112;56;13790;582100
Kepler-755 c;CONFIRMED;10000;2853134080;136;10160;504100
NULL;CANDIDATE;9090;80966959104;504;3640;561100
Kepler-116 c;CONFIRMED;10000;13071419392;247;9640;612200
NULL;CANDIDATE;7440;240192815104;268;2980;600400
NULL;CANDIDATE;9460;8977289216;179;11130;559700
NULL;CANDIDATE;9720;3626573824;79;10140;541600
NULL;CANDIDATE;8510;7893532160;78;10520;630600
NULL;CANDIDATE;10000;1367523200;82;16840;583600
NULL;CANDIDATE;8690;1043478592;109;26880;601400
NULL;CANDIDATE;10000;148179337216;252;3670;563500
NULL;CANDIDATE;9790;5158131712;202;16420;515500
NULL;CANDIDATE;9990;12834856960;173;7550;549200
NULL;CANDIDATE;9970;12544742400;188;8400;576700
NULL;CANDIDATE;9250;5705095168;158;9470;545500
NULL;CANDIDATE;9530;762950208;100;16510;538500
NULL;CANDIDATE;9990;10861416448;101;8990;633900
NULL;CANDIDATE;10000;5781599744;170;14750;644300
NULL;CANDIDATE;9100;11495896064;159;10570;629000
Kepler-1567 b;CONFIRMED;9490;153979355136;253;3300;585800
NULL;CANDIDATE;9280;264466628608;261;3460;655100
NULL;CANDIDATE;9910;8255349760;328;14620;540300
NULL;CANDIDATE;10000;6651714560;84;7130;488900
NULL;CANDIDATE;9780;15072773120;173;6350;552100
NULL;CANDIDATE;7860;2431355392;107;14220;623100
NULL;CANDIDATE;8520;8001889792;90;8640;583000
NULL;CANDIDATE;9470;317062414336;159;2180;536600
NULL;CANDIDATE;7900;7235241984;82;9480;557400
NULL;CANDIDATE;10000;11818728448;209;9190;580300
NULL;CANDIDATE;6190;849362240;85;14980;497300
NULL;CANDIDATE;10000;26524553216;219;6950;499500
NULL;CANDIDATE;9250;61611130880;129;5970;653300
NULL;CANDIDATE;9700;34650636288;1235;11910;668100
NULL;CANDIDATE;9600;3098728448;64;5790;362800
NULL;CANDIDATE;3580;129222770688;201;2880;493400
NULL;CANDIDATE;9780;3075510784;84;13890;576300
NULL;CANDIDATE;9940;4259078400;70;12530;556000
NULL;CANDIDATE;7800;4830141440;130;10390;569300
NULL;CANDIDATE;10000;6601800192;125;8750;559100
NULL;CANDIDATE;3240;382589108224;215;3050;633700
NULL;CANDIDATE;9550;1118510464;75;16840;591800
NULL;CANDIDATE;10000;2284943104;100;11800;539600
NULL;CANDIDATE;8880;8361373184;79;7930;547000
NULL;CANDIDATE;9990;3743180032;175;9990;520700
NULL;CANDIDATE;5220;394678173696;5216;2350;578000
NULL;CANDIDATE;9980;3846151680;114;11990;610600
NULL;CANDIDATE;9960;4848472576;151;6670;413700
NULL;CANDIDATE;9580;12654896128;102;8010;583300
NULL;CANDIDATE;4520;5822981632;136;9140;570400
NULL;CANDIDATE;10000;4371988992;93;10850;582300
NULL;CANDIDATE;6700;767576704;3423;15300;518200
NULL;CANDIDATE;9510;279036559360;3025;3230;607200
NULL;CANDIDATE;10000;7155547648;4893;20490;499200
NULL;CANDIDATE;6270;49178222592;179;4680;567400
NULL;CANDIDATE;9460;17381621760;2655;7560;611600
NULL;CANDIDATE;10000;5159981568;1907;5740;390000
NULL;CANDIDATE;10000;1320499456;1894;44770;517200
Kepler-1067 b;CONFIRMED;9940;762132288;75;18720;559400
NULL;CANDIDATE;9930;4026646272;68;13180;618700
NULL;CANDIDATE;10000;2688140544;92;11350;563600
NULL;CANDIDATE;9990;21157957632;163;6820;606300
NULL;CANDIDATE;9600;232040333312;205;3270;590300
Kepler-1643 b;CONFIRMED;10000;5342641664;172;7990;510100
NULL;CANDIDATE;8660;11849634816;131;8020;603200
NULL;CANDIDATE;9480;6933574144;130;8290;551000
NULL;CANDIDATE;8690;1608363392;1936;11330;502200
NULL;CANDIDATE;10000;103426990080;316;4160;620800
NULL;CANDIDATE;9540;42294738944;14014;10830;492600
NULL;CANDIDATE;9460;17369511936;145;5880;511900
NULL;CANDIDATE;9970;576732096;43;15370;452400
NULL;CANDIDATE;8750;7196916736;110;11320;553000
Kepler-1645 b;CONFIRMED;10000;16178029568;225;7540;592900
NULL;CANDIDATE;9720;5606819840;104;9420;569900
NULL;CANDIDATE;10000;12497059840;144;8390;617400
NULL;CANDIDATE;10000;11832710144;117;7280;563900
NULL;CANDIDATE;3470;21980467200;92;6250;557300
NULL;CANDIDATE;9890;3339309568;120;12050;570000
NULL;CANDIDATE;7830;3394019584;103;13060;618100
NULL;CANDIDATE;9890;6634480128;104;11770;646300
NULL;CANDIDATE;7690;11772814336;93;7880;541000
NULL;CANDIDATE;9650;140884525056;152;3920;596000
NULL;CANDIDATE;8840;20514265088;114;5980;522100
NULL;CANDIDATE;10000;9133150208;148;9000;612200
NULL;CANDIDATE;9800;8474846720;135;7800;556400
Kepler-1619 b;CONFIRMED;9910;23622356992;107;7970;614400
Kepler-1465 b;CONFIRMED;10000;31827648512;498;6680;477400
NULL;CANDIDATE;9530;5296556032;130;11560;626800
NULL;CANDIDATE;2160;392601894912;225;2040;530700
NULL;CANDIDATE;3250;260446158848;2539;6080;484500
NULL;CANDIDATE;7940;5888369664;121;11250;624300
NULL;CANDIDATE;8130;6079945728;86;11010;600800
NULL;CANDIDATE;9010;1813437824;69;11580;509400
NULL;CANDIDATE;10000;28643387392;582;8710;650700
NULL;CANDIDATE;10000;1570592384;137;14800;551900
NULL;CANDIDATE;7890;87487569920;187;3770;577400
NULL;CANDIDATE;9890;11945137152;332;13370;509400
NULL;CANDIDATE;1260;277133656064;184;3070;646100
NULL;CANDIDATE;7600;25003202560;147;8370;614800
NULL;CANDIDATE;9790;3794372864;136;13830;545500
NULL;CANDIDATE;10000;1126259712;NULL;NULL;NULL
NULL;CANDIDATE;2300;502256467968;103;2150;563700
Kepler-42 d;CONFIRMED;10000;1865114240;66;4550;329200
Kepler-945 b;CONFIRMED;10000;31003308032;272;6160;609000
NULL;CANDIDATE;9380;19181094912;172;5130;521400
NULL;CANDIDATE;6920;122115547136;296;3510;559200
NULL;CANDIDATE;9750;225488044032;170;2670;566300
NULL;CANDIDATE;3810;578887614464;169;3150;618000
NULL;CANDIDATE;2240;218771111936;25020;19970;329700
NULL;CANDIDATE;9990;8479526400;118;8650;584100
Kepler-948 b;CONFIRMED;9990;7768456192;135;8410;544700
NULL;CANDIDATE;9840;7165204480;231;10340;617400
NULL;CANDIDATE;8040;67176628224;966;1790;339100
NULL;CANDIDATE;10000;934206976;NULL;NULL;NULL
NULL;CANDIDATE;2230;359338311680;233;2160;531600
NULL;CANDIDATE;5220;66716454912;220;4020;544700
NULL;CANDIDATE;4270;219205795840;266;4560;699000
NULL;CANDIDATE;9500;23266633728;266;11560;575800
Kepler-359 c;CONFIRMED;9810;57689620480;514;5120;622800
Kepler-383 b;CONFIRMED;10000;12904675328;149;5450;451300
Kepler-1249 b;CONFIRMED;9970;24334493696;174;6470;609100
Kepler-1258 b;CONFIRMED;10000;984941696;149;23350;582500
Kepler-1261 b;CONFIRMED;9850;48431300608;278;3960;489100
NULL;CANDIDATE;9890;34573717504;42;1990;337400
NULL;CANDIDATE;7310;54753882112;221;5210;624200
NULL;CANDIDATE;7880;5213950464;124;12010;552900
NULL;CANDIDATE;5560;455623933952;300;2280;588300
NULL;CANDIDATE;2550;413518561280;196;2540;603100
NULL;CANDIDATE;9370;5439803392;100;11120;610800
NULL;CANDIDATE;8960;188881043456;186;3300;607700
Kepler-1284 b;CONFIRMED;10000;664074176;119;17030;517800
Kepler-186 e;CONFIRMED;9990;22407778304;115;3190;375100
NULL;CANDIDATE;9880;3848221952;172;12830;592700
Kepler-221 b;CONFIRMED;10000;2795900160;166;10900;524400
NULL;CANDIDATE;10000;3375716608;234;14720;631000
NULL;CANDIDATE;3710;254336712704;1397;5860;519300
NULL;CANDIDATE;2510;490639425536;767;4120;503700
NULL;CANDIDATE;1750;331554586624;136;2400;576200
NULL;CANDIDATE;9900;7702172672;85;8880;561800
Kepler-452 b;CONFIRMED;7710;384847544320;109;2200;557900
NULL;CANDIDATE;3220;494485078016;503;3790;630300
NULL;CANDIDATE;9180;7752934400;93;10020;597500
NULL;CANDIDATE;5250;384377061376;5093;6760;485900
NULL;CANDIDATE;9980;8988261376;139;8640;598400
Kepler-1383 b;CONFIRMED;9010;13909354496;133;9280;605200
NULL;CANDIDATE;9880;21118164992;289;11100;646100
Kepler-26 e;CONFIRMED;9650;46827675648;213;2760;387900
Kepler-49 b;CONFIRMED;10000;7203855872;225;5090;383400
Kepler-464 b;CONFIRMED;10000;7256962560;353;11630;585800
NULL;CANDIDATE;7500;395131387904;97;2080;506000
NULL;CANDIDATE;9810;770659008;68;15480;505800
NULL;CANDIDATE;9530;4631891456;64;10600;592600
NULL;CANDIDATE;3230;362131881984;223;2080;517600
NULL;CANDIDATE;8460;29485639680;146;7930;687000
NULL;CANDIDATE;10000;3650345216;72;5780;370400
NULL;CANDIDATE;7980;43943890944;112;5050;600800
NULL;CANDIDATE;3630;309191802880;196;3830;629900
NULL;CANDIDATE;670;400114810880;95;2260;554700
NULL;CANDIDATE;9900;16234763264;128;8520;647800
NULL;CANDIDATE;9770;8507351040;138;8910;591400
NULL;CANDIDATE;10000;719740992;57;20740;601400
NULL;CANDIDATE;9730;8276602880;248;16230;678700
NULL;CANDIDATE;5130;302349713408;198;2080;482900
NULL;CANDIDATE;9950;43908804608;733;8850;521600
NULL;CANDIDATE;9990;5613576704;141;11650;639800
Kepler-338 d;CONFIRMED;8960;44430405632;261;6800;595100
NULL;CANDIDATE;9970;17157235712;155;8440;567600
NULL;CANDIDATE;4690;377672400896;137;1870;503100
NULL;CANDIDATE;4870;242036703232;211;3230;608600
NULL;CANDIDATE;9780;10778156032;124;9420;638600
NULL;CANDIDATE;3470;9460941824;54;7670;548500
NULL;CANDIDATE;3110;402274942976;173;2620;629900
NULL;CANDIDATE;8010;1584878976;37;9430;420100
NULL;CANDIDATE;9930;5336057344;152;16670;674200
NULL;CANDIDATE;9440;840594048;62;17800;544000
NULL;CANDIDATE;10000;8167338496;103;8650;580800
NULL;CANDIDATE;9560;6460047360;180;8830;570400
NULL;CANDIDATE;8990;7095639552;120;9890;548000
Kepler-1388 c;CONFIRMED;9760;5536093696;220;5660;389100
NULL;CANDIDATE;9430;22643243008;212;6240;588000
NULL;CANDIDATE;5080;275560300544;233;4370;598900
NULL;CANDIDATE;3340;379672756224;133;2470;615600
NULL;CANDIDATE;2530;278389358592;681;4640;495100
NULL;CANDIDATE;9410;7868712448;173;13230;673800
NULL;CANDIDATE;9970;9910578176;119;9220;621400
NULL;CANDIDATE;6380;587300224;NULL;NULL;NULL
NULL;CANDIDATE;2910;280555454464;217;3080;629200
NULL;CANDIDATE;7630;14101102592;126;9040;653400
NULL;CANDIDATE;3230;433220452352;207;2030;523200
NULL;CANDIDATE;10000;5440857600;97;8920;551900
NULL;CANDIDATE;2660;364982435840;312;2930;642900
Kepler-1394 b;CONFIRMED;10000;3937667840;136;19470;627700
Kepler-1411 b;CONFIRMED;9410;86116089856;311;4410;616100
NULL;CANDIDATE;9070;4406607360;86;11520;606300
NULL;CANDIDATE;5730;353018609664;225;3010;645000
NULL;CANDIDATE;2120;370982518784;11996;3380;602800
NULL;CANDIDATE;5780;338006933504;209;2490;574100
NULL;CANDIDATE;1200;432427859968;114;2590;626300
NULL;CANDIDATE;9990;2524440064;153;21450;646100
NULL;CANDIDATE;2950;185975341056;276;6880;736500
NULL;CANDIDATE;2660;5048744960;67;9220;545000
Kepler-1427 b;CONFIRMED;8770;968980800;108;18440;586600
NULL;CANDIDATE;10000;10768001024;92;8850;587400
Kepler-92 d;CONFIRMED;4760;49356791808;191;6370;586200
NULL;CANDIDATE;9120;1001916736;62;15450;552100
NULL;CANDIDATE;9710;862329280;109;18250;580600
NULL;CANDIDATE;3350;432969056256;143;2190;558000
NULL;CANDIDATE;8390;372150337536;174;2320;576900
NULL;CANDIDATE;4710;405354577920;211;2320;565000
NULL;CANDIDATE;9980;9464041472;128;8390;596800
NULL;CANDIDATE;2290;389875826688;376;2070;528900
NULL;CANDIDATE;5410;385858699264;323;3000;655100
NULL;CANDIDATE;4490;757261312;58;19080;565100
NULL;CANDIDATE;7020;367089614848;3530;2810;626800
NULL;CANDIDATE;9230;172820250624;222;3380;617400
NULL;CANDIDATE;8020;7381234176;100;9440;607200
NULL;CANDIDATE;4440;495662333952;273;2070;551500
NULL;CANDIDATE;6650;295060668416;64;2330;533200
NULL;CANDIDATE;3540;37464698880;97;6770;626600
NULL;CANDIDATE;8250;3765652480;87;11080;581500
NULL;CANDIDATE;1860;191037276160;354;2860;544000
NULL;CANDIDATE;4920;189183950848;331;3120;557300
NULL;CANDIDATE;9560;2905120256;57;10750;537400
NULL;CANDIDATE;9960;4293888000;168;15320;661500
NULL;CANDIDATE;7530;71106838528;142;5230;633900
NULL;CANDIDATE;3400;77177675776;129;3270;484000
NULL;CANDIDATE;10000;805941824;2985;14980;502200
NULL;CANDIDATE;5020;5887703552;60;10260;606500
NULL;CANDIDATE;10000;11843611648;141;8300;607700
NULL;CANDIDATE;9990;306702496;93;23180;531000
NULL;CANDIDATE;2280;425649700864;158;2810;606700
NULL;CANDIDATE;9990;13728137216;106;8000;616800
Kepler-1494 b;CONFIRMED;10000;91078623232;326;4150;591500
NULL;CANDIDATE;9590;1985146368;128;12990;558100
NULL;CANDIDATE;9750;5825616896;121;10370;599900
NULL;CANDIDATE;4160;419261513728;170;2560;597900
NULL;CANDIDATE;3560;141400276992;4155;9450;493600
NULL;CANDIDATE;8840;31503458304;117;4840;526900
NULL;CANDIDATE;9940;2851883264;123;13980;612300
NULL;CANDIDATE;9490;18384832512;115;5870;508300
NULL;CANDIDATE;9720;31445270528;455;7210;617200
NULL;CANDIDATE;5520;15594376192;108;8010;624900
NULL;CANDIDATE;9820;92552003584;210;4400;580800
NULL;CANDIDATE;8260;21971156992;132;6490;576300
NULL;CANDIDATE;7750;66673049600;264;5420;659200
NULL;CANDIDATE;8430;7268181504;166;14440;629700
NULL;CANDIDATE;1890;376379899904;326;2650;623100
NULL;CANDIDATE;5190;367947841536;372;2280;557000
NULL;CANDIDATE;6380;95906430976;217;2880;462000
Kepler-1600 b;CONFIRMED;9110;386370502656;296;2090;511900
NULL;CANDIDATE;9960;5215752192;83;11560;620200
NULL;CANDIDATE;5980;371175718912;407;6100;903000
NULL;CANDIDATE;9710;84799832064;116;4910;561900
NULL;CANDIDATE;5320;4736815616;60;11370;608800
NULL;CANDIDATE;3860;130235326464;244;3320;561600
NULL;CANDIDATE;10000;8870415360;3946;11510;602200
NULL;CANDIDATE;10000;47109632000;7898;7510;525800
NULL;CANDIDATE;4970;1739849472;72;16080;611900
